,0,1,2,3,4,5,6,7,8,9,10,11,12,13,14,15,16,17,18,19,20,21,22,23,24,25,26,27,28,29,30,31,32,33,34,35,36,37,38,39,40,41,42,43,44,45,46,47,48,49,50,51,52,53,54,55,56,57,58,59,60,61,62,63,64,65,66,67,68,69,70,71,72,73,74,75,76,77,78,79,80,81,82,83,84,85,86,87,88,89,90,91,92,93,94,95,96,97,98,99,100,101,102,103,104,105,106,107,108,109,110,111,112,113,114,115,116,117,118,119,120,121,122,123,124,125,126,127,128,129,130,131,132,133,134,135,136,137,138,139,140,141,142,143,144,145,146,147,148,149,150,151,152,153,154,155,156,157,158,159,160,161,162,163,164,165,166,167,168,169,170,171,172,173,174,175,176,177,178,179,180,181,182,183,184,185,186,187,188,189,190,191,192,193,194,195,196,197,198,199
0,0,0,88,37,72,0,0,0,0,0,94,0,59,48,99,0,0,0,0,95,0,100,27,47,0,0,14,0,27,33,0,72,60,0,0,30,0,61,0,0,0,13,0,0,69,0,91,18,0,0,56,0,0,0,24,66,0,74,19,13,0,0,0,0,0,85,22,70,10,65,0,0,14,80,0,81,0,37,70,0,20,10,65,0,0,60,27,0,58,37,72,83,48,0,0,75,66,0,0,22,32,0,0,60,91,21,0,85,11,0,5,0,0,0,0,96,31,0,0,95,24,0,0,62,0,0,0,89,6,76,0,86,97,0,0,97,56,0,22,52,0,38,0,0,0,0,0,76,0,35,0,67,90,0,10,60,86,0,0,0,0,0,0,78,0,61,23,75,43,77,0,34,0,7,0,59,0,0,0,75,45,0,0,0,0,0,0,0,0,90,0,50,0,24,39,77,27,25,0,91
1,59,0,0,0,0,22,12,35,0,0,0,0,77,0,0,0,0,0,0,0,0,9,0,0,77,0,0,67,19,0,64,36,0,0,81,89,0,0,0,8,68,17,72,0,78,0,0,0,0,39,0,68,2,0,19,0,0,0,0,0,0,63,0,0,77,0,5,0,0,25,0,67,0,87,0,0,47,0,29,0,0,89,78,78,87,0,48,0,36,0,0,0,47,0,9,3,0,0,0,1,0,0,94,0,0,0,0,0,0,0,0,0,0,36,82,12,0,67,52,91,0,0,0,0,0,0,0,52,74,73,0,0,60,0,13,52,0,0,67,0,58,0,0,0,0,17,96,62,0,93,17,88,6,0,0,0,49,83,38,0,0,0,0,38,96,31,36,0,91,0,0,0,95,60,0,6,0,0,30,0,59,29,21,0,40,49,0,0,0,62,64,46,0,83,0,0,0,0,0,3
2,97,0,0,0,68,0,92,0,0,34,0,0,0,44,0,0,0,0,0,0,0,51,89,74,20,0,45,0,100,0,0,82,41,0,0,0,0,20,0,92,0,0,10,60,41,0,14,89,29,32,60,0,0,0,0,21,0,88,24,0,46,0,68,27,29,0,59,0,0,53,0,0,1,0,0,100,27,51,36,46,0,57,82,0,0,27,27,0,30,0,21,0,0,0,65,81,0,31,0,0,0,0,95,81,30,0,0,0,87,61,74,84,50,85,0,0,0,99,70,61,25,13,0,0,0,0,62,0,0,0,55,0,0,9,0,0,19,11,81,0,0,0,0,0,0,29,0,63,16,11,12,0,0,0,0,67,0,0,12,0,0,0,100,0,0,0,79,62,0,0,0,0,0,59,0,83,1,0,69,31,0,52,0,0,2,0,86,80,0,3,17,88,0,0,29,0,75,0,0,0
3,40,0,60,0,0,59,0,0,27,34,65,0,0,65,0,0,0,0,75,21,51,0,0,0,13,0,38,0,43,0,0,98,14,0,50,40,97,69,86,0,0,0,33,96,0,0,0,3,11,34,0,0,0,0,14,65,21,6,0,0,0,0,44,70,0,93,0,57,56,9,9,0,0,0,63,15,0,22,90,0,75,0,96,70,0,0,0,62,16,100,0,27,57,82,0,0,51,66,0,19,0,35,0,69,29,86,0,0,66,59,0,6,37,0,0,41,22,95,73,0,100,0,0,74,17,44,6,77,0,0,26,0,99,78,41,33,0,32,83,45,38,0,0,58,0,58,3,78,0,0,71,0,82,12,9,0,8,0,0,26,31,14,0,99,68,0,0,0,0,0,0,0,0,0,0,99,86,0,0,0,37,0,0,0,0,0,38,39,61,34,0,38,29,31,81,0,0,14,0,88
4,0,4,48,0,0,64,70,0,0,47,0,0,54,0,26,20,0,0,0,0,0,0,92,0,0,36,0,0,0,0,0,9,0,40,37,0,0,0,63,0,64,2,0,55,74,80,0,0,0,16,0,0,79,0,35,6,11,0,5,4,49,57,5,0,0,0,0,100,0,99,51,0,0,0,17,0,90,10,28,33,0,61,0,0,74,23,81,0,37,54,52,97,53,84,92,93,90,0,0,0,56,0,14,25,79,45,0,0,0,26,0,0,0,0,46,0,93,0,0,52,0,70,0,0,0,18,22,0,0,4,0,0,0,98,68,0,0,0,0,69,43,0,0,0,0,79,0,0,0,0,0,8,0,86,0,42,42,0,0,0,0,0,0,66,69,0,42,4,0,0,0,23,0,96,65,0,0,42,57,63,18,0,0,0,62,83,0,26,0,58,0,0,10,0,0,66,0,25,0,25
5,0,35,0,90,19,0,0,78,55,79,57,0,0,0,53,41,0,58,0,0,0,100,49,0,0,10,2,33,0,0,31,44,0,0,0,0,0,61,25,64,0,0,100,41,13,97,49,0,0,52,24,0,30,76,86,86,95,0,0,99,100,93,29,65,0,0,0,0,60,0,0,5,52,95,0,0,0,99,0,0,76,0,20,41,50,15,73,11,0,0,78,0,3,79,0,0,0,37,0,0,0,72,0,0,0,55,0,94,68,0,99,83,31,0,84,0,0,0,6,0,0,0,0,22,73,52,81,0,14,21,0,0,0,62,0,94,0,28,0,0,79,0,0,0,48,51,74,92,91,0,56,0,0,91,0,0,30,0,46,100,32,66,0,0,0,0,12,0,0,0,4,53,8,79,0,0,0,0,0,35,0,0,80,0,68,0,0,0,0,0,0,0,38,0,61,0,59,75,47,0
6,91,0,0,86,0,0,0,3,0,0,0,0,0,0,48,14,0,0,68,0,61,100,0,0,79,14,0,0,88,0,80,67,0,24,41,0,0,0,13,19,0,0,98,77,72,0,0,0,70,87,25,0,0,45,49,0,0,41,0,0,0,0,48,0,38,0,0,68,9,51,0,0,54,0,83,0,65,0,16,3,45,78,0,0,88,61,23,0,67,0,0,0,21,0,38,0,0,0,0,0,0,45,0,0,64,0,35,0,0,0,64,0,77,23,49,8,0,0,84,0,64,0,55,49,38,0,51,27,81,10,51,0,0,5,85,48,0,0,76,0,62,0,0,69,0,41,0,0,0,0,87,83,0,32,33,0,68,98,54,0,57,0,86,96,71,99,0,0,83,97,0,39,10,0,0,0,0,56,24,0,0,0,89,79,0,38,0,18,43,96,80,0,56,0,0,0,0,62,68,0
7,0,0,76,0,14,0,89,0,0,97,0,0,13,29,72,0,0,0,90,0,14,0,0,0,37,0,24,0,98,38,0,0,0,0,0,0,0,0,0,0,70,19,0,16,0,0,95,18,27,0,0,0,0,28,10,0,79,0,87,0,53,0,0,0,54,0,15,0,100,44,0,90,0,96,0,0,67,80,0,77,100,0,37,86,0,0,0,0,0,0,11,33,0,98,0,17,52,0,0,0,78,64,0,0,0,0,0,33,0,97,0,0,97,72,47,0,20,0,0,83,0,60,97,0,0,0,74,28,11,66,0,64,0,0,0,0,28,76,96,0,0,50,0,0,3,0,34,0,81,20,0,0,0,35,0,2,18,54,1,0,18,0,5,0,49,0,62,18,53,54,0,0,0,13,67,0,0,0,0,0,61,88,86,0,0,61,0,0,0,0,55,0,0,0,0,30,0,84,0,72
8,11,51,0,0,39,36,0,0,0,0,37,0,91,0,14,17,0,2,43,13,0,0,0,0,0,0,72,91,90,0,0,0,14,90,15,0,65,0,19,70,0,11,85,26,0,82,65,44,20,0,56,86,64,0,0,10,73,0,70,0,77,44,47,0,13,0,0,0,0,12,0,45,56,57,0,0,0,93,0,88,59,0,14,34,0,0,0,0,97,0,0,85,15,0,0,0,0,22,10,0,97,100,0,0,54,0,25,0,0,0,0,0,75,43,0,35,0,0,46,0,26,0,0,0,97,0,0,0,0,0,0,0,30,0,0,11,0,0,0,73,52,0,0,0,0,0,0,39,76,0,90,27,20,0,0,44,16,0,0,0,0,67,0,0,46,48,0,0,0,1,14,0,0,80,95,90,0,0,22,79,100,0,0,0,0,0,51,11,0,0,21,73,0,0,0,73,0,43,0,88
9,0,0,61,91,52,0,0,28,27,0,15,0,47,0,92,82,0,83,0,0,0,22,0,48,61,6,0,63,43,8,32,95,93,0,15,74,0,16,27,0,66,0,0,0,0,98,99,68,36,0,11,0,74,0,0,0,0,18,56,52,7,0,73,25,12,62,50,0,0,17,88,0,0,66,54,0,99,0,16,100,0,0,0,0,0,0,0,0,71,68,0,0,0,0,0,81,47,89,82,0,0,27,90,0,0,0,39,52,13,38,0,0,86,0,0,0,64,10,36,99,35,0,40,0,0,74,0,0,0,39,0,0,0,83,52,11,0,0,18,72,0,0,82,72,4,56,0,0,0,87,24,0,0,68,0,0,7,0,0,0,48,0,0,0,0,0,43,0,0,32,86,0,0,8,0,0,73,18,89,0,58,58,0,0,0,8,91,0,0,0,0,89,13,1,0,48,55,89,0,0
10,12,44,0,0,82,20,0,59,0,0,0,0,74,4,55,67,75,0,0,0,50,0,0,10,0,100,51,37,54,42,0,8,0,0,0,0,0,21,0,0,0,0,0,96,26,0,0,0,83,0,47,37,44,70,98,0,0,0,65,37,15,0,61,0,96,68,0,78,0,83,79,34,12,0,0,0,0,27,0,0,99,45,0,54,0,0,80,50,0,39,0,0,3,0,9,59,0,10,0,79,19,38,46,53,0,0,0,4,2,48,8,43,61,0,76,0,0,48,76,0,39,100,41,0,63,0,0,0,0,0,0,0,0,0,0,59,0,79,80,0,14,0,84,0,0,0,50,5,0,28,15,100,0,0,38,92,74,65,0,54,53,0,64,0,0,0,48,25,26,99,40,0,35,0,6,0,27,0,96,21,0,0,45,0,70,31,47,0,22,0,0,0,0,36,25,0,57,85,66,55
11,8,0,0,62,0,0,50,84,13,35,0,0,0,0,89,0,32,9,0,0,0,94,57,0,0,40,0,0,36,64,76,40,15,90,0,0,61,0,8,0,65,63,0,0,0,0,89,68,0,86,6,0,0,33,81,6,0,23,0,0,0,44,0,48,44,76,0,74,43,71,93,0,12,77,52,0,0,15,0,32,1,80,62,0,0,0,73,37,0,27,0,0,0,35,13,97,0,64,0,13,0,0,0,0,51,82,0,85,0,71,30,54,45,0,51,0,39,20,0,62,0,36,60,54,0,0,53,0,0,0,0,93,0,0,0,0,6,0,33,0,0,69,6,0,0,0,0,0,0,0,10,0,79,50,0,0,16,0,29,48,0,0,0,0,59,48,0,92,47,0,55,0,70,0,56,17,0,0,0,0,0,54,89,41,91,39,34,37,0,14,27,0,15,0,0,41,0,0,21,0
12,79,0,47,0,98,0,0,0,40,47,0,0,0,5,0,0,0,83,91,88,90,0,7,100,78,0,0,74,62,0,86,100,60,0,0,4,16,90,22,0,20,57,0,9,0,0,35,99,51,16,0,0,0,25,0,43,5,0,48,0,0,0,96,0,48,52,79,14,28,0,54,0,12,81,4,0,50,0,0,45,33,58,0,51,0,96,0,92,0,0,0,96,89,0,0,90,25,58,0,56,0,0,0,0,0,0,0,65,98,0,20,0,0,82,0,70,0,36,0,36,0,0,62,96,56,75,25,0,0,0,19,0,0,59,0,62,0,60,0,21,0,81,0,0,81,24,0,0,34,0,55,0,43,0,0,27,0,0,12,0,0,49,87,0,82,72,67,0,90,78,88,24,0,87,76,36,50,0,24,0,0,0,82,68,0,16,39,0,0,0,0,0,35,0,0,0,3,34,63,66
13,72,0,22,0,21,29,35,35,79,0,92,0,70,0,22,81,0,0,0,39,97,30,0,0,47,0,44,97,34,40,52,0,0,44,75,81,94,0,41,45,0,2,0,0,0,84,75,0,4,0,0,0,0,0,0,0,15,61,0,0,0,33,46,56,82,38,18,4,13,64,85,0,28,15,0,59,0,0,5,89,32,71,48,0,0,46,70,77,0,59,0,0,95,50,0,43,0,81,64,0,0,48,0,55,65,0,84,90,45,30,0,0,0,0,43,22,57,0,0,0,47,0,47,94,0,63,79,3,55,30,40,89,0,61,13,82,0,76,72,0,15,0,0,0,1,0,0,0,0,69,0,0,0,2,0,0,0,0,96,0,0,59,13,87,0,33,10,0,0,0,11,0,0,0,2,0,0,0,0,0,50,0,0,71,6,0,0,1,34,7,13,0,70,99,87,73,0,77,0,25
14,31,56,0,98,15,64,5,24,29,0,4,0,41,0,0,0,49,96,97,34,0,83,61,31,77,0,88,53,7,83,17,0,66,0,0,11,5,5,38,30,72,77,0,0,45,0,94,0,83,0,0,0,96,0,54,0,28,1,28,0,0,28,95,34,0,0,61,20,88,0,25,0,48,83,14,69,0,0,0,72,14,0,77,0,0,0,86,0,74,43,0,49,70,60,35,44,63,0,0,0,0,0,83,0,53,87,0,0,0,0,1,78,0,9,28,80,0,51,0,2,0,0,93,13,44,87,0,52,0,0,27,41,97,0,75,79,40,85,56,0,2,53,30,0,0,87,53,0,0,89,0,0,0,0,13,66,0,0,35,53,0,9,0,64,0,78,0,0,0,0,53,0,0,0,0,82,0,0,68,0,70,0,51,0,0,0,0,34,77,0,35,2,2,0,0,0,19,0,61,0
15,9,0,62,0,0,0,53,4,0,0,0,0,0,40,0,0,28,0,37,0,0,0,72,27,0,100,3,0,0,92,99,0,0,64,85,0,83,0,0,59,0,0,0,59,0,35,50,32,10,0,31,0,0,46,14,0,0,78,87,0,0,30,0,81,0,0,0,0,8,86,26,48,0,0,0,75,61,33,28,0,0,89,73,97,35,68,0,0,0,0,1,0,14,0,88,0,51,0,90,0,46,0,51,73,87,89,32,0,0,25,72,86,0,0,0,0,1,64,91,0,83,68,0,39,0,0,0,36,44,44,0,24,94,0,0,0,44,0,77,76,0,0,0,73,0,0,12,0,56,0,0,0,65,0,0,79,0,0,0,24,63,0,0,0,70,0,9,0,0,0,43,26,29,99,7,49,100,0,55,0,6,0,15,49,0,0,2,21,0,95,0,0,10,10,0,0,30,30,24,0
16,0,0,0,0,0,0,56,59,95,0,50,0,82,0,0,0,0,0,0,0,73,0,0,0,91,0,51,0,0,0,72,55,30,0,37,57,0,0,0,40,85,0,19,84,0,0,4,0,53,0,93,61,96,0,77,0,0,0,90,0,31,5,6,26,0,76,70,0,40,0,0,0,15,98,0,0,58,0,46,90,70,55,12,53,0,28,99,48,91,72,53,40,0,0,0,0,88,14,0,48,0,11,0,0,0,66,11,47,0,68,25,100,53,0,0,0,0,0,64,0,0,10,9,72,51,0,0,83,45,19,96,0,0,94,0,43,32,0,69,13,85,0,16,0,71,29,73,0,0,0,79,59,0,54,0,0,60,89,0,0,0,43,3,32,54,0,69,1,80,35,0,0,0,89,0,0,75,0,0,0,85,0,0,40,17,0,0,0,0,0,0,54,0,8,94,44,28,0,0,0
17,97,44,93,0,14,18,34,82,65,1,0,0,0,0,42,46,77,0,0,88,0,0,0,0,81,15,0,92,0,44,0,0,30,77,30,19,0,0,0,0,0,50,0,0,0,0,0,0,0,72,0,0,0,0,38,0,0,34,88,0,54,0,44,41,0,0,16,0,42,41,0,0,37,18,45,57,27,71,0,70,43,0,83,79,56,17,9,72,0,67,64,69,52,88,32,17,0,19,87,72,0,0,0,20,0,96,98,0,0,0,0,100,0,0,26,19,31,77,24,0,0,30,33,21,62,45,49,76,0,48,0,72,0,0,69,60,0,80,79,96,0,32,0,46,4,34,40,0,0,0,0,0,0,0,0,78,47,83,0,0,0,0,0,41,50,0,35,0,11,52,39,0,77,0,60,8,0,83,0,48,0,9,0,0,0,70,92,0,86,0,0,0,0,79,0,66,98,29,1,0
18,10,0,39,44,27,0,0,0,0,0,0,0,0,87,43,0,0,43,0,0,54,0,88,0,0,100,53,0,0,2,0,25,41,46,0,41,0,0,66,0,16,87,31,3,95,0,17,0,72,49,0,0,100,22,50,60,44,0,62,86,17,74,0,39,0,0,0,0,60,10,96,11,0,53,32,0,0,0,0,59,82,0,0,0,64,0,47,87,0,0,0,83,87,34,0,69,22,83,0,0,0,0,41,0,0,32,0,17,0,18,2,0,0,71,0,0,59,0,91,0,76,15,97,15,0,86,0,0,94,77,16,33,0,23,0,0,0,9,0,61,0,17,29,71,65,0,0,53,70,0,6,62,93,58,53,0,0,20,0,31,15,65,0,31,0,0,0,29,34,21,0,0,0,0,28,35,77,68,70,0,0,0,60,0,83,3,87,0,27,0,0,38,12,13,32,0,0,0,0,0
19,3,0,0,93,18,0,0,11,0,73,0,0,0,26,7,0,0,44,0,0,0,0,100,1,0,43,0,91,98,65,0,0,0,71,100,30,76,0,0,0,0,2,34,0,0,77,5,0,0,0,41,0,98,46,0,0,0,38,0,0,0,48,86,0,97,64,0,71,0,0,0,0,41,86,66,16,0,74,0,0,0,19,63,49,60,0,0,62,0,0,0,51,24,0,100,0,0,0,55,70,0,0,0,0,3,0,0,0,0,1,93,65,43,43,0,91,26,31,0,41,82,0,52,60,0,48,57,9,0,37,0,72,0,48,0,0,9,75,0,0,0,4,0,0,21,96,0,0,77,52,0,0,0,38,65,31,0,0,0,0,0,0,61,37,40,68,57,0,9,53,3,99,37,0,4,0,14,55,62,0,0,0,82,0,33,0,0,0,88,11,0,98,0,77,0,0,100,0,58,14
20,0,0,0,21,0,0,74,0,50,0,8,0,78,0,40,0,0,0,100,57,0,0,0,0,30,0,44,0,0,59,63,0,0,84,0,0,93,0,0,0,11,62,44,0,95,0,69,55,62,0,0,59,61,39,51,10,0,97,0,63,49,0,39,0,0,1,0,86,45,0,37,32,0,96,10,0,8,57,18,58,27,100,0,0,0,0,14,0,51,0,0,36,0,0,0,0,0,0,8,0,0,0,22,0,0,77,27,0,0,0,0,0,5,0,29,0,4,0,0,0,47,0,0,0,0,77,21,90,25,57,92,0,0,89,0,71,0,0,0,0,0,0,58,0,46,0,0,61,0,30,0,0,35,0,0,0,92,14,0,0,0,11,48,70,4,0,0,93,0,99,56,0,97,0,0,66,0,31,67,65,55,0,85,0,89,0,0,0,0,0,84,0,12,0,0,98,0,0,0,0
21,0,2,0,0,34,0,0,0,0,49,33,0,0,0,64,0,25,0,37,0,0,0,0,24,79,94,0,0,0,48,20,52,40,83,0,0,0,0,47,39,39,48,73,0,0,72,32,0,92,88,0,0,0,9,0,30,48,0,0,0,0,64,87,0,9,0,11,0,21,82,28,66,85,0,0,0,59,0,58,81,0,0,0,24,0,0,75,83,0,0,42,47,44,0,55,46,0,78,11,0,90,0,0,0,13,30,1,0,78,31,100,0,14,30,71,69,44,0,0,2,10,0,24,9,0,0,5,3,0,11,69,10,0,82,67,0,77,33,0,62,88,79,14,59,6,0,75,89,0,70,63,69,0,58,37,0,0,0,88,0,0,0,20,0,81,0,6,49,80,98,4,100,32,0,0,0,0,0,0,0,0,100,31,0,0,9,41,17,15,0,0,0,35,15,0,18,0,0,0,95
22,52,78,0,0,9,70,85,96,0,0,0,0,0,3,0,12,12,10,94,58,52,77,0,82,0,0,24,68,0,21,65,78,0,98,68,90,46,2,0,35,0,0,0,88,0,25,0,0,21,0,56,99,5,5,0,82,0,0,0,0,52,35,0,0,0,28,70,1,0,0,0,41,0,0,0,0,0,0,0,74,0,30,72,0,0,45,81,0,40,0,34,23,0,0,0,0,0,62,0,80,0,0,0,7,0,0,46,0,68,0,20,81,0,0,88,63,48,52,0,0,6,23,0,69,88,0,0,0,0,8,0,94,53,0,0,0,0,0,0,0,12,32,57,0,0,0,0,0,0,88,92,0,73,63,43,86,61,0,30,0,51,56,0,0,76,0,0,0,64,80,0,97,0,61,3,50,69,0,81,0,0,53,3,0,91,27,0,100,7,97,2,0,0,0,0,0,0,0,52,4
23,97,0,0,0,25,0,14,0,0,99,0,0,0,0,72,0,54,0,0,51,99,3,0,0,0,23,44,39,0,44,0,80,23,0,0,9,0,100,0,0,0,0,0,0,34,0,34,0,65,38,0,27,52,0,0,41,0,0,0,0,0,59,0,66,88,0,0,8,0,0,0,47,0,0,69,0,0,0,0,0,25,0,0,17,0,77,2,43,32,36,0,0,83,0,68,0,90,0,0,0,81,63,12,0,90,65,94,0,41,77,0,52,46,97,0,0,92,0,0,33,90,31,0,0,16,0,0,0,41,5,0,1,0,0,0,0,70,66,0,98,24,0,91,0,18,79,97,0,0,0,14,82,0,0,0,0,86,0,0,89,0,66,0,40,0,68,0,0,70,59,0,0,29,0,0,0,0,0,0,14,0,0,0,0,64,19,0,85,0,66,43,78,0,0,0,0,0,0,5,88
24,0,91,0,33,42,36,0,28,0,97,75,0,0,0,0,31,61,0,0,8,0,0,55,0,0,58,83,91,0,92,0,0,38,83,27,77,0,0,0,69,35,0,0,97,0,18,0,2,0,0,0,3,0,93,51,34,0,57,52,0,0,64,74,16,0,28,48,51,81,48,0,62,96,93,25,33,87,0,0,80,0,69,11,0,15,0,71,0,0,36,0,0,0,0,55,90,27,0,0,9,9,16,83,0,0,0,11,0,5,0,0,0,0,71,0,0,0,97,0,0,0,40,0,0,0,0,0,0,0,0,12,28,11,35,42,100,1,61,56,26,68,76,0,25,0,19,0,0,42,0,0,1,85,0,35,0,96,0,0,89,37,95,0,48,16,0,0,0,77,38,0,0,0,97,47,0,70,0,0,0,0,49,0,89,0,0,31,55,35,0,0,0,0,0,70,84,16,0,56,7
25,0,0,6,0,99,27,0,0,0,0,0,0,0,0,0,0,0,0,0,0,48,0,9,50,0,0,0,0,0,0,88,0,0,99,0,0,90,93,0,0,84,26,0,0,70,0,0,91,0,0,0,2,54,54,84,0,0,18,70,96,30,0,1,27,53,24,14,0,92,10,0,86,0,35,76,0,39,0,80,0,28,53,54,0,0,0,10,90,1,84,0,64,35,50,0,24,12,0,0,77,0,0,87,0,0,25,0,0,63,14,0,10,43,46,0,0,0,0,25,43,30,67,0,51,11,0,0,0,0,41,22,62,0,33,0,90,0,54,4,31,19,27,0,11,61,9,0,90,0,92,62,0,93,0,83,99,0,22,22,0,83,0,0,0,63,0,93,13,0,46,11,0,6,0,47,0,55,0,0,100,7,0,0,0,0,19,0,78,39,92,44,0,0,26,0,0,45,0,7,0
26,59,0,99,64,16,0,14,70,0,0,0,0,0,17,48,94,15,25,0,0,53,22,0,31,0,19,0,68,0,40,19,96,14,54,0,46,37,60,96,77,0,0,93,0,0,0,0,0,0,55,89,35,99,0,0,19,0,54,20,0,0,39,69,61,0,0,0,0,0,0,0,0,0,0,0,0,0,7,0,2,0,18,79,0,90,43,0,0,98,57,0,0,0,29,61,0,0,0,0,0,0,9,45,0,0,0,0,54,19,97,0,93,0,27,49,0,0,0,66,0,35,0,91,16,0,0,0,36,79,10,22,30,81,53,72,0,0,0,0,0,0,0,83,55,0,0,0,15,0,0,62,5,0,0,63,0,0,0,0,0,0,0,96,61,27,0,0,55,0,29,51,44,53,0,93,0,43,48,83,72,0,54,0,16,0,18,0,73,0,68,0,22,0,80,84,0,0,0,0,0
27,81,33,0,0,50,0,95,83,87,0,56,0,68,94,33,0,78,62,14,0,0,0,1,0,0,46,0,0,0,0,0,85,0,0,0,0,43,0,73,19,0,0,0,94,0,0,76,46,0,32,0,77,0,96,12,0,0,0,0,0,0,67,10,0,0,63,0,0,0,0,0,0,6,0,95,38,14,0,93,27,42,68,0,53,0,0,0,0,0,42,31,29,0,0,59,0,67,22,68,0,0,0,0,1,13,14,0,0,33,0,0,0,22,0,13,95,0,0,0,0,87,0,46,0,16,0,5,84,14,18,0,72,0,59,60,2,0,81,33,36,63,0,0,64,86,58,36,0,0,0,75,0,16,71,0,94,44,0,0,0,99,87,0,0,0,63,43,34,56,0,51,47,0,63,0,95,48,57,61,70,55,70,15,16,0,28,0,0,0,0,0,78,0,0,5,62,67,0,0,38
28,29,77,67,48,0,0,0,0,0,0,0,0,0,2,0,0,0,24,0,0,15,0,0,2,0,0,46,0,0,0,45,0,35,0,26,38,88,14,0,0,0,31,0,0,51,53,65,0,29,78,0,0,0,72,0,39,77,91,58,62,0,60,49,0,0,93,39,77,23,0,0,0,0,1,85,0,45,26,0,0,2,20,55,30,0,0,0,0,96,72,66,0,0,0,0,0,0,0,63,96,31,0,20,0,76,0,0,0,52,0,0,0,0,0,98,0,0,47,0,69,28,0,86,0,29,34,23,0,0,83,0,0,0,0,28,0,0,0,89,24,76,0,16,34,0,0,0,3,24,46,0,97,16,9,0,0,57,0,95,27,0,0,39,0,39,99,0,0,0,48,56,24,48,0,66,0,20,0,100,82,95,46,69,0,11,0,0,0,49,49,14,16,0,0,36,51,61,45,68,16
29,0,0,4,96,80,93,0,0,56,45,0,0,0,0,17,72,0,0,72,31,5,49,0,8,0,62,0,39,0,0,67,0,95,0,9,1,0,0,0,7,9,0,0,0,85,0,0,99,88,15,0,63,95,73,98,0,40,33,0,0,47,0,49,0,0,0,79,0,0,64,0,0,81,28,0,0,55,39,34,17,0,0,0,0,61,0,11,42,85,0,37,0,80,0,0,13,0,23,89,78,22,0,29,0,83,93,0,30,77,18,0,62,81,0,95,47,0,26,23,60,31,45,16,80,0,21,0,0,59,0,80,0,65,0,0,0,0,55,26,19,0,47,34,0,21,0,0,86,0,0,0,14,0,55,0,66,0,0,0,0,18,0,0,0,74,82,0,2,0,64,31,20,29,0,0,93,96,47,75,39,0,41,49,0,0,72,0,0,75,81,0,0,24,0,8,63,0,18,0,0
30,67,14,38,78,0,4,44,51,18,78,46,0,0,77,0,49,0,81,1,44,48,0,0,0,0,0,12,0,0,89,0,0,90,0,0,5,0,47,0,0,0,26,40,0,18,0,100,0,0,33,0,0,0,53,8,72,0,16,99,0,91,11,0,51,0,70,0,69,0,74,51,98,0,0,0,84,58,0,52,0,16,0,54,49,44,81,0,3,0,0,7,0,19,0,0,0,0,0,0,27,0,46,95,0,48,0,30,0,83,0,3,81,0,25,0,22,9,0,44,0,65,0,35,0,27,0,0,0,0,0,0,80,0,0,44,0,58,16,0,0,30,11,80,0,63,94,44,6,0,26,41,15,0,0,0,0,26,0,54,0,0,0,0,5,55,0,36,90,0,61,0,63,0,0,0,79,85,74,65,60,0,0,78,0,0,0,24,0,94,27,66,0,0,0,0,0,0,8,0,7
31,95,0,0,80,0,0,0,74,43,49,86,0,0,50,0,0,0,67,93,0,65,0,35,0,0,5,23,27,0,0,3,0,0,10,29,87,85,0,0,80,10,0,90,67,0,66,82,42,0,0,0,0,0,72,0,18,0,0,39,0,0,0,40,0,0,76,0,65,54,0,85,19,21,34,0,23,53,94,0,62,37,20,0,81,0,21,0,0,0,0,37,49,74,0,19,0,31,0,0,0,0,28,0,0,0,0,0,0,79,17,38,0,0,0,50,38,1,26,31,0,95,0,74,0,68,0,0,35,14,35,53,100,0,0,0,61,0,0,0,4,0,0,0,0,46,56,0,0,62,0,0,52,98,0,0,21,0,81,68,0,0,0,0,0,0,0,0,23,55,0,0,96,14,9,66,88,0,10,0,0,77,0,28,77,0,15,98,49,0,0,0,48,87,82,0,85,27,0,0,35
32,36,4,0,0,0,76,0,100,0,40,32,0,73,0,93,0,17,51,0,52,0,0,0,14,69,0,0,0,66,14,20,39,0,93,40,0,0,67,0,41,0,13,0,0,0,21,0,64,0,0,47,60,55,0,25,23,0,4,96,0,0,52,0,0,94,34,18,0,91,0,0,0,20,86,13,49,81,74,60,30,82,0,0,28,0,0,0,83,39,20,0,0,7,0,0,0,25,0,24,0,0,0,87,0,0,96,0,0,3,16,0,0,82,47,0,8,24,64,8,0,3,72,16,76,0,9,38,27,16,12,49,0,32,0,0,0,0,53,84,0,0,76,44,0,100,0,3,0,0,36,0,0,0,20,0,55,0,0,0,0,0,48,0,0,0,0,0,83,0,0,20,0,58,0,55,65,0,0,0,0,27,0,0,0,0,0,0,47,0,83,0,0,0,0,54,81,0,93,0,22
33,0,0,75,31,53,92,0,96,0,0,8,0,85,0,0,0,0,49,14,6,43,0,0,87,0,0,0,0,57,0,57,70,0,0,78,69,0,27,78,59,0,8,28,62,0,0,19,58,67,0,0,0,89,82,85,0,45,0,0,6,54,18,49,0,8,42,0,0,49,0,0,0,0,12,13,0,68,23,90,12,0,96,42,0,0,59,38,57,0,27,0,0,0,0,0,0,17,0,0,85,0,0,0,26,0,0,0,17,99,0,29,88,100,16,0,32,0,0,0,0,71,0,0,0,31,0,0,28,85,0,27,6,27,0,60,0,0,0,0,56,70,0,0,0,0,33,0,0,54,0,76,96,90,59,0,52,62,11,88,0,44,0,83,0,24,13,0,92,0,0,37,8,18,0,0,0,0,0,0,42,95,2,45,47,92,0,0,68,1,0,0,84,13,0,0,76,0,99,5,0
34,0,26,0,0,0,35,0,13,0,66,0,0,0,64,0,0,58,0,40,72,2,55,0,0,0,75,0,0,0,0,0,0,9,13,0,0,0,0,0,58,0,25,97,21,58,93,0,0,44,0,0,5,44,66,15,0,82,0,0,0,0,45,78,100,59,0,36,0,95,0,60,15,0,0,66,17,75,0,0,0,0,12,0,17,0,2,53,0,0,0,0,52,59,0,93,0,0,90,74,0,59,0,93,0,88,0,39,0,98,0,0,0,0,98,13,0,0,0,97,0,93,0,0,0,53,35,66,99,27,0,0,0,87,0,98,0,4,42,21,0,97,0,54,0,0,3,0,0,46,0,63,0,43,17,0,13,5,16,0,0,20,0,0,85,0,8,54,0,0,0,72,0,0,100,86,24,7,92,63,0,0,89,62,11,25,0,0,0,0,0,0,0,13,0,53,41,68,0,15,12
35,62,0,33,0,0,7,0,0,98,0,0,0,0,0,0,10,69,0,0,0,0,1,68,64,0,0,0,0,0,0,0,43,0,72,0,0,33,92,0,0,0,0,0,74,0,70,6,69,55,0,0,0,77,62,8,0,90,87,16,0,32,0,0,33,0,72,34,39,15,84,0,24,0,0,0,0,0,86,23,7,0,0,0,84,0,80,99,31,82,9,95,17,0,29,0,0,0,0,0,0,42,0,19,77,79,92,63,56,0,0,0,6,0,0,74,0,72,32,0,0,30,0,70,81,1,0,84,0,0,0,0,92,15,0,55,85,0,0,67,15,0,21,32,0,24,0,46,95,20,21,0,100,0,0,0,8,37,37,0,0,0,0,93,0,74,42,0,0,57,0,93,35,0,33,27,0,0,10,31,0,62,96,0,0,67,76,0,0,0,0,0,0,5,7,94,0,86,0,26,0
36,0,0,44,0,0,26,5,56,88,0,19,0,86,46,11,0,0,79,0,71,50,16,0,0,46,70,52,0,94,26,70,0,14,0,36,39,0,85,10,0,0,0,0,58,89,0,0,0,0,0,41,0,20,39,0,0,36,60,19,3,0,0,0,52,0,0,0,1,31,0,40,27,70,41,22,4,57,37,37,0,86,0,65,59,0,60,0,79,43,0,76,0,0,52,0,0,0,76,13,0,0,1,0,0,7,54,19,0,90,0,37,0,0,0,0,0,0,64,52,80,60,0,0,23,70,43,0,71,0,46,4,45,9,0,0,6,0,0,0,0,32,0,0,0,0,0,0,43,0,0,0,0,65,74,0,0,25,0,0,23,0,54,0,0,10,97,0,0,0,99,0,19,0,48,14,0,0,0,79,33,19,30,0,17,98,67,0,95,0,34,4,0,38,9,0,47,33,0,82,42
37,13,98,0,25,0,0,36,66,43,0,5,0,0,35,65,19,42,0,33,0,43,35,0,0,80,88,3,43,0,0,28,24,31,82,0,0,82,0,27,53,0,0,0,0,0,93,80,0,0,0,0,7,0,57,0,0,0,0,0,41,0,51,17,0,0,0,0,0,68,0,0,0,0,0,0,0,0,0,0,0,0,0,0,97,27,40,58,8,0,0,0,49,42,92,0,69,0,0,8,45,97,0,89,0,84,0,0,0,3,0,92,0,100,3,0,0,0,89,63,0,72,52,0,12,0,0,0,0,36,75,0,0,0,32,48,25,0,0,24,96,0,0,70,0,0,0,0,38,24,83,51,0,47,0,67,0,0,0,0,57,0,0,97,97,14,0,0,49,89,36,85,18,50,0,0,0,42,0,0,0,65,74,4,95,2,0,91,0,25,0,69,66,2,59,13,24,60,51,0,7
38,11,0,36,0,0,0,0,0,0,77,71,0,100,37,0,0,0,95,0,0,0,68,0,0,0,0,54,0,0,0,88,39,0,0,0,21,85,0,0,0,0,74,77,87,0,0,25,0,0,32,0,79,0,0,0,17,100,0,0,0,0,0,0,0,8,99,0,0,95,0,23,19,66,93,0,0,0,0,52,96,0,62,0,42,66,0,0,39,85,0,0,0,0,55,0,56,64,67,63,7,28,0,0,0,1,68,61,0,92,40,2,55,0,0,0,7,0,38,0,16,54,10,0,42,0,0,73,0,0,76,0,0,50,0,0,0,15,0,0,0,40,5,0,0,37,0,0,50,0,0,29,97,0,0,0,0,0,29,9,0,0,0,0,0,0,68,0,0,0,0,32,0,25,0,0,0,48,45,0,0,0,0,78,31,0,0,4,56,57,0,0,0,0,80,98,0,0,2,0,0
39,12,0,0,7,0,47,73,0,28,34,0,0,89,0,0,0,19,0,0,0,0,62,80,0,0,0,47,0,0,0,0,0,0,61,32,0,7,0,0,0,88,0,0,0,0,43,86,0,0,7,36,0,9,0,24,0,48,29,75,0,41,20,79,0,0,96,32,24,23,92,10,23,33,54,0,0,2,0,0,0,0,0,15,0,83,0,0,40,31,83,35,6,89,35,50,0,10,0,1,0,88,99,80,0,0,61,0,53,10,0,0,59,0,0,0,0,0,0,0,77,0,0,0,0,0,47,52,0,0,0,74,0,62,62,62,39,61,0,0,0,78,71,61,0,62,0,3,94,0,0,0,12,2,0,0,0,35,0,0,0,36,0,0,10,0,83,62,0,100,0,0,0,26,0,51,61,28,0,0,20,1,29,0,0,0,0,80,77,79,0,0,48,11,34,0,0,0,0,74,0
40,70,83,0,7,0,60,51,82,54,0,0,0,0,0,12,18,0,90,90,0,0,0,99,93,0,37,14,0,36,0,93,45,54,70,0,0,95,0,0,4,0,0,0,59,0,0,0,23,44,83,86,81,0,0,95,0,51,90,36,81,1,0,0,0,0,30,22,0,23,0,0,52,0,58,0,0,94,0,83,30,27,0,72,0,66,0,40,0,0,0,60,20,27,19,55,20,0,78,0,63,45,50,0,0,58,43,0,0,93,11,0,6,0,21,0,0,0,0,0,0,0,83,3,77,0,0,0,0,17,0,0,0,44,85,0,0,23,0,0,0,93,80,0,19,100,0,0,0,97,49,85,0,0,9,75,67,8,0,84,0,79,0,14,0,0,51,28,92,47,0,0,0,0,0,0,0,0,76,94,0,17,0,61,86,0,0,0,0,88,0,15,66,1,14,34,0,0,58,93,12
41,0,72,0,51,0,0,0,85,0,0,0,0,8,0,54,0,56,50,81,0,11,76,50,0,30,0,84,0,0,0,0,23,52,0,62,93,38,7,89,0,0,0,96,0,93,30,27,0,0,92,24,0,0,0,0,0,0,61,0,0,0,93,0,1,54,0,63,0,36,0,92,0,67,0,17,67,0,13,92,18,0,35,11,65,6,0,95,0,0,47,0,0,0,0,0,32,0,41,0,60,12,51,49,1,19,0,30,67,13,69,0,97,0,23,90,0,0,0,36,32,0,55,0,30,0,0,0,44,27,75,61,6,0,0,61,3,33,0,84,0,0,0,69,20,0,0,0,28,64,0,0,98,35,2,33,0,72,0,0,0,80,0,66,56,82,96,0,31,0,15,0,97,0,0,0,19,25,95,0,15,1,58,47,88,0,0,0,0,81,0,0,53,52,93,73,54,0,0,58,25
42,56,0,0,11,64,61,0,35,0,0,0,0,0,0,26,0,10,0,29,4,0,54,95,17,12,71,0,82,36,0,0,0,0,0,0,25,56,81,0,99,0,69,0,0,0,52,100,14,75,0,0,53,0,0,0,26,84,4,19,0,0,0,0,57,0,0,0,0,0,50,0,0,65,0,49,89,0,100,42,11,0,0,4,0,80,27,46,12,85,0,0,0,0,0,41,13,63,0,42,91,28,94,0,10,0,0,0,0,4,0,1,45,44,69,81,74,44,0,7,55,18,58,0,19,95,0,51,62,97,0,22,58,42,68,76,0,17,0,53,0,63,0,23,0,17,99,0,0,0,96,0,0,0,35,55,0,37,0,85,49,34,0,0,4,0,32,0,0,0,0,0,0,0,0,0,72,20,82,20,0,0,0,0,54,34,98,0,0,0,65,4,54,78,53,0,0,85,17,0,15
43,45,67,12,0,0,12,29,0,26,44,96,0,0,0,23,0,34,0,7,0,60,0,1,0,40,13,0,42,87,0,0,33,0,49,99,18,0,0,0,0,18,0,13,0,0,0,88,0,0,0,0,0,0,0,0,36,35,38,82,0,11,2,75,0,0,17,0,0,0,60,39,0,82,74,60,0,42,0,13,0,0,3,0,0,39,0,0,0,23,0,0,0,0,99,0,6,0,21,0,7,65,89,18,74,0,0,0,0,0,0,69,95,0,41,31,53,0,0,73,96,0,0,0,67,34,0,70,35,97,50,100,79,0,0,82,0,0,0,100,41,0,0,0,0,69,0,0,44,50,0,93,0,0,83,0,75,24,0,94,76,0,9,53,96,80,62,15,0,0,70,0,97,0,100,0,0,54,25,90,0,0,0,65,0,0,1,86,0,0,24,0,0,0,0,54,53,0,0,44,0
44,16,32,88,0,24,52,3,12,32,0,9,0,0,0,21,60,0,0,0,0,26,0,42,2,0,8,0,42,0,0,34,0,66,10,33,0,0,0,0,81,21,75,65,0,0,0,0,80,0,0,0,49,32,68,0,33,68,43,91,13,0,53,91,4,0,0,20,0,0,0,0,71,81,51,0,39,0,21,40,52,0,13,0,0,17,0,23,86,9,72,83,23,0,0,0,68,0,70,0,0,12,81,57,0,0,0,67,0,9,0,29,0,20,0,0,0,0,0,66,0,0,0,0,18,0,0,0,0,0,92,0,42,0,86,14,0,0,24,67,0,0,0,0,0,35,47,61,0,0,40,0,0,76,26,0,26,0,89,88,31,62,0,0,65,0,69,0,92,11,0,79,0,60,0,2,0,0,83,0,0,49,0,45,0,3,72,0,0,11,40,22,5,0,24,61,67,0,100,24,46
45,25,0,0,48,0,79,0,23,4,0,0,0,60,0,0,0,82,0,0,74,0,0,0,28,0,63,0,0,0,0,0,0,73,74,42,0,0,19,0,0,74,0,0,0,0,0,60,0,5,3,9,10,11,23,3,59,38,91,0,90,0,76,0,0,0,0,34,0,0,0,0,0,0,0,0,0,0,73,24,0,10,0,33,60,96,0,0,0,42,0,0,0,0,4,0,65,62,79,12,3,0,29,0,83,0,0,0,54,0,50,46,0,48,79,0,0,0,0,60,26,5,0,0,0,0,49,77,97,0,1,90,0,0,21,0,13,0,0,66,0,17,31,0,0,0,32,99,22,0,30,41,0,0,0,50,0,0,0,0,0,54,56,85,0,99,0,29,0,15,0,0,52,82,40,71,27,0,0,26,0,0,0,28,93,31,90,88,59,0,0,0,62,67,31,0,43,0,39,57,0
46,0,0,0,12,0,0,0,0,0,0,0,0,33,11,0,0,65,43,0,0,0,0,55,14,48,60,19,0,0,0,0,83,0,73,34,10,59,43,72,69,0,67,0,0,0,59,0,0,0,0,16,87,82,60,0,85,27,79,0,85,22,0,0,0,0,43,76,0,0,0,69,43,13,0,0,96,91,0,33,9,0,78,0,13,94,47,0,83,93,0,60,0,0,51,3,24,69,94,54,0,0,75,0,19,48,62,0,0,0,0,0,0,0,0,53,69,65,0,0,0,0,13,0,0,0,64,95,71,41,0,0,0,37,0,0,0,69,68,0,0,0,84,0,0,63,5,0,39,0,0,0,1,0,0,79,0,0,87,81,0,0,0,0,67,0,0,0,0,0,0,0,8,66,20,2,0,54,0,70,89,0,0,1,93,0,28,53,0,53,0,0,0,1,21,85,88,83,30,55,0
47,0,0,0,0,0,21,88,0,78,0,0,0,0,15,72,37,88,66,0,0,0,0,33,0,41,84,0,31,55,0,97,99,77,9,0,12,0,23,0,96,23,0,88,0,0,0,15,0,27,86,0,0,17,94,0,0,0,0,0,0,99,0,0,28,80,0,85,8,42,9,0,7,0,93,0,0,0,0,73,99,0,40,0,0,94,0,0,0,0,20,84,11,62,0,76,0,0,82,0,4,0,0,38,0,73,0,13,0,0,69,0,47,98,0,0,65,51,10,0,0,0,58,0,90,0,0,0,77,99,59,0,0,76,61,94,0,0,31,96,99,0,74,0,0,0,34,20,0,58,0,0,0,0,3,79,72,0,0,0,40,11,14,21,0,0,78,17,64,0,61,26,73,21,76,0,26,0,0,0,45,0,0,54,63,0,0,0,0,0,85,0,0,0,51,88,51,80,0,0,0
48,0,0,75,24,33,44,98,11,98,0,0,0,62,60,0,49,0,0,0,21,25,31,0,0,12,24,13,0,86,0,4,18,79,66,78,14,0,91,0,0,0,0,20,38,0,0,0,0,0,0,0,26,65,46,28,32,0,0,0,87,0,14,15,66,48,29,0,69,5,0,61,52,46,23,0,0,0,0,63,97,53,0,21,95,99,0,0,95,0,15,97,23,9,0,14,19,85,0,0,41,60,75,0,97,38,0,0,10,57,0,0,0,15,66,48,27,98,0,0,0,0,0,29,65,0,0,0,0,0,0,31,0,0,0,12,0,37,0,68,0,0,77,34,94,30,0,0,55,0,15,95,0,8,50,0,74,0,92,0,52,0,30,0,0,0,0,0,86,0,72,0,0,16,0,42,0,19,74,0,0,0,96,40,0,15,0,0,0,0,46,77,78,74,35,0,92,0,0,0,0
49,76,0,70,0,89,80,0,97,11,73,0,0,0,0,5,29,0,7,68,94,0,39,49,24,17,89,0,0,0,21,0,0,0,0,0,0,6,0,29,0,0,0,30,34,0,37,0,0,0,0,79,76,0,0,31,5,36,0,36,0,0,21,0,51,87,0,43,22,0,0,0,35,0,23,95,92,44,73,0,0,0,19,0,0,14,25,0,0,77,0,54,3,86,0,0,0,0,83,100,83,0,0,0,65,14,55,8,0,0,62,0,0,0,0,28,0,6,66,0,0,0,0,0,0,0,32,0,0,6,36,0,0,10,0,0,0,0,2,60,0,0,0,79,0,25,0,0,0,24,0,0,23,0,89,22,0,37,0,0,0,74,0,35,17,76,0,0,0,97,68,0,0,91,0,0,87,0,30,86,33,0,26,0,90,13,14,15,29,4,0,0,0,0,86,0,67,0,24,0,75
50,0,0,0,36,0,0,0,79,0,76,41,0,49,0,0,37,0,33,80,0,53,64,99,0,0,16,72,0,58,79,51,81,47,0,17,0,0,61,3,0,0,0,0,23,0,36,35,0,0,0,0,0,92,0,0,0,29,43,99,50,0,94,64,50,0,74,0,29,0,0,4,0,0,0,0,69,0,95,7,27,0,58,0,79,0,67,0,0,0,32,78,36,0,86,0,0,0,61,0,0,0,23,22,0,0,0,18,74,0,0,0,0,0,27,0,27,53,65,0,0,0,0,0,0,0,0,28,0,0,4,63,7,36,68,0,0,57,0,0,10,76,92,0,22,35,0,59,0,0,0,62,99,62,0,45,0,79,0,0,0,0,28,0,2,0,0,40,73,0,32,0,80,0,92,0,0,2,0,3,0,86,0,0,0,42,21,50,27,57,24,0,0,0,14,0,0,30,35,37,0
51,0,39,0,60,0,81,40,67,28,0,100,0,67,0,0,0,0,61,0,89,97,79,0,10,56,0,0,40,10,86,0,62,82,59,60,0,42,0,65,90,0,0,91,54,77,0,75,9,0,37,61,0,34,86,62,0,13,0,73,0,0,0,0,0,26,97,25,0,22,0,0,0,48,0,0,90,0,94,28,0,0,52,0,0,33,0,53,2,0,0,0,37,0,0,59,13,20,0,49,33,0,61,0,37,0,82,25,97,0,0,48,83,0,19,0,0,0,0,0,10,26,92,0,16,0,0,27,45,0,46,0,64,0,58,73,8,16,39,33,9,0,0,0,0,0,0,0,0,0,37,0,59,5,0,50,0,6,0,43,0,0,29,4,39,0,98,0,13,84,0,51,0,0,89,22,0,91,0,42,18,46,4,69,71,57,30,35,24,43,99,0,3,30,85,1,0,0,0,0,0
52,53,12,1,64,79,0,27,0,0,0,23,0,95,0,100,0,0,0,99,44,0,97,0,0,0,0,0,0,98,0,0,26,0,75,41,0,32,67,0,0,71,49,0,33,77,0,71,70,0,68,90,32,0,34,62,51,62,15,0,67,54,46,0,0,13,25,0,0,28,11,0,62,93,2,0,98,0,30,28,94,99,0,0,84,0,58,0,64,0,0,0,0,9,37,24,0,0,0,0,0,0,79,0,0,69,88,17,24,15,56,75,0,0,15,9,0,74,0,0,0,90,0,38,71,0,0,87,67,0,76,0,0,70,58,0,37,0,63,4,66,0,0,0,39,79,38,0,77,0,0,41,0,0,22,0,28,66,4,12,61,0,78,0,100,26,0,51,26,0,42,0,0,0,0,0,0,0,0,0,0,0,0,84,0,78,0,43,0,98,0,0,0,0,0,0,48,0,76,6,68
53,0,56,49,0,0,77,0,0,0,22,0,0,0,0,43,0,48,0,78,20,92,14,75,67,0,0,0,39,32,47,0,47,91,68,0,0,96,73,0,58,78,53,5,0,98,14,42,22,58,81,0,0,45,0,69,77,0,51,0,57,41,0,0,0,0,0,12,0,0,42,0,46,0,0,66,37,76,0,43,36,19,0,80,54,47,0,0,20,64,80,0,0,0,17,26,0,91,0,72,44,11,9,0,55,0,0,76,0,77,0,90,38,24,5,72,0,0,0,6,8,22,0,0,4,0,22,100,88,98,0,0,0,10,65,0,0,22,97,17,18,0,52,5,9,0,0,0,14,0,0,0,83,76,41,6,0,3,0,86,0,0,0,0,70,46,54,63,75,60,0,30,0,0,0,76,0,60,21,43,0,59,73,0,0,65,0,0,12,0,40,74,0,68,47,0,90,0,1,0,94
54,47,0,38,0,0,0,28,0,0,0,0,0,0,0,0,79,58,18,0,0,92,0,65,100,0,6,19,16,0,0,0,24,0,0,13,50,80,72,45,88,0,76,0,23,87,8,98,22,0,53,0,0,46,31,0,9,0,96,77,0,53,8,0,90,34,0,15,0,52,9,0,20,0,0,0,82,43,0,0,0,0,0,0,0,0,0,32,0,42,43,39,93,52,0,0,30,36,40,32,0,0,0,0,14,0,68,49,0,0,37,65,0,42,57,17,0,0,25,0,9,0,0,0,0,0,2,20,0,96,0,100,87,70,0,23,0,19,65,37,31,75,0,23,72,0,7,38,79,10,60,0,0,0,74,0,34,0,7,54,0,0,0,42,3,0,0,59,0,0,0,0,89,0,0,0,0,24,22,0,0,68,7,50,0,0,8,87,0,40,11,70,73,0,0,6,0,23,0,0,87
55,0,0,72,8,0,12,92,0,73,14,4,0,0,54,24,0,0,0,0,22,0,0,0,0,0,0,0,0,0,0,82,46,0,0,38,0,0,55,0,74,98,0,0,85,0,3,0,68,0,0,52,0,39,49,0,0,0,90,0,0,84,76,29,0,0,4,0,83,34,35,16,0,0,0,0,0,88,0,27,0,58,95,0,0,99,0,64,0,0,72,35,0,0,68,56,0,65,0,0,75,0,0,0,0,0,55,0,0,0,61,0,31,17,0,70,33,0,14,0,23,0,0,37,0,65,0,0,78,0,0,100,0,0,3,62,0,35,0,0,0,0,0,0,76,14,88,0,7,70,87,0,13,0,0,0,47,0,0,0,96,0,0,93,0,69,19,10,63,0,67,0,72,0,3,4,45,0,0,0,90,24,0,28,65,97,0,79,0,0,0,16,0,48,22,0,88,9,0,0,0
56,0,36,0,43,0,0,80,41,0,5,61,0,0,93,0,71,44,0,0,2,0,79,0,50,0,45,41,91,82,0,0,58,0,54,60,0,0,0,0,20,80,0,87,65,0,12,78,19,0,17,93,3,0,60,0,0,0,79,74,15,0,0,57,0,0,92,75,67,0,0,11,0,78,3,0,53,98,0,86,10,0,25,0,0,59,0,0,74,0,31,0,0,0,97,30,94,0,0,88,51,46,39,0,55,0,0,0,47,0,99,0,0,76,28,25,54,0,67,0,0,40,3,84,26,0,61,84,0,29,0,28,80,14,0,54,58,0,62,12,0,0,19,39,5,0,0,0,0,28,0,45,74,0,76,13,0,0,0,52,20,65,37,85,2,0,0,24,0,79,95,0,77,84,100,0,73,0,0,0,100,0,22,0,23,18,0,81,67,75,0,7,77,0,0,100,1,0,0,42,0
57,0,0,34,7,0,0,61,0,5,0,80,0,89,53,90,78,0,94,0,0,0,45,0,0,0,5,94,0,0,42,0,0,5,36,0,35,0,69,99,0,33,0,70,0,0,50,0,0,0,0,0,0,0,0,38,97,0,0,67,17,1,75,0,0,0,0,0,42,0,40,22,68,0,0,0,0,35,0,0,14,0,0,0,10,0,0,67,0,0,0,96,0,0,32,0,21,43,32,27,0,0,0,89,87,0,49,0,43,53,0,0,29,0,0,0,0,0,0,4,0,26,50,0,18,46,0,1,31,73,0,0,63,0,48,0,37,72,0,0,0,56,0,0,0,92,66,0,0,0,0,0,58,0,0,17,83,0,27,0,33,0,75,0,7,0,0,10,95,0,0,0,51,69,29,0,54,0,21,22,84,0,66,0,56,58,16,0,0,80,23,79,60,0,55,42,31,94,39,0,95
58,35,0,0,0,0,63,68,0,0,27,89,0,0,62,59,0,7,0,30,0,62,0,56,0,0,32,0,23,88,57,2,0,78,0,82,0,84,69,30,62,51,65,2,33,0,0,0,45,0,0,0,41,0,0,50,1,43,28,0,41,0,0,98,0,0,40,95,0,69,0,36,0,0,25,0,32,0,78,0,79,87,0,0,92,0,81,92,71,99,88,33,53,88,9,0,69,0,9,80,33,0,0,0,0,0,34,0,0,0,0,0,69,39,27,47,0,0,80,83,2,1,63,0,30,83,0,0,21,0,0,0,0,81,39,75,0,0,25,71,0,0,0,0,0,20,90,0,0,0,13,0,0,0,0,0,51,0,0,34,0,86,0,85,0,79,62,0,0,0,72,0,64,80,81,0,0,25,0,48,25,0,74,85,95,0,0,0,0,61,95,0,0,79,38,0,0,96,35,75,0
59,49,0,90,63,0,0,57,0,0,61,4,0,0,83,0,0,88,84,0,1,0,0,83,7,0,0,7,5,7,0,86,59,83,31,0,0,55,0,0,66,0,87,0,0,0,0,31,74,39,0,0,0,54,0,0,0,9,58,74,0,56,40,54,40,79,0,89,0,0,0,0,0,0,0,29,5,0,1,0,91,0,0,0,36,38,0,87,40,0,0,0,2,95,0,0,0,14,85,0,0,0,0,70,24,0,0,0,0,0,35,0,0,0,73,1,0,0,8,60,31,19,0,34,0,0,0,83,25,31,0,42,0,48,0,0,53,0,80,0,5,22,48,85,32,0,23,0,0,0,91,0,60,48,98,0,0,57,0,0,90,81,0,28,0,95,71,0,0,100,60,0,54,0,50,0,0,91,35,43,0,22,69,37,0,94,0,0,0,54,4,66,62,0,19,0,58,42,67,19,55
60,0,96,0,47,0,88,63,59,89,0,91,0,0,0,0,0,36,57,62,85,0,0,36,0,5,62,0,87,44,11,0,0,53,0,60,39,2,82,13,59,0,0,40,0,0,0,77,85,0,82,0,0,0,31,25,14,0,0,38,65,0,100,0,87,86,9,0,0,37,11,37,39,0,41,81,0,32,10,0,70,45,0,0,79,11,0,0,8,24,0,0,0,81,0,0,55,0,0,6,0,0,0,84,29,13,92,0,0,0,0,0,0,8,33,66,0,87,0,85,0,0,30,56,0,80,0,0,8,0,0,57,91,0,0,97,0,43,0,0,55,89,0,35,8,83,35,15,48,0,65,26,0,0,73,0,71,0,41,97,0,0,51,52,0,45,10,10,28,0,9,0,0,0,71,0,17,20,0,62,0,46,25,0,0,0,43,0,0,0,65,51,61,38,72,0,0,0,98,0,0
61,0,0,16,80,46,0,85,30,20,0,25,0,0,0,4,10,0,0,0,89,72,0,29,97,0,18,57,0,0,50,93,0,3,0,60,0,0,0,0,60,63,0,0,0,0,0,33,21,43,0,0,0,91,0,0,0,60,53,0,85,0,0,0,0,49,30,0,0,21,0,0,97,53,36,84,0,71,0,29,26,91,0,8,0,57,6,58,0,0,0,33,0,0,0,51,15,83,0,64,99,98,45,0,0,53,76,7,0,0,0,0,0,82,53,0,96,0,0,54,36,0,0,85,0,38,15,0,68,0,1,30,2,96,0,79,79,30,62,0,0,0,0,56,85,5,39,0,0,0,0,0,0,47,0,15,76,0,0,59,0,0,1,0,0,77,7,70,11,93,0,64,77,85,1,72,0,0,45,81,0,93,39,0,66,54,0,0,0,0,0,0,59,0,0,43,0,0,57,32,10
62,0,0,0,0,0,78,94,87,15,0,0,0,0,0,0,28,0,0,92,89,0,93,0,46,0,0,0,52,0,0,25,0,0,0,47,38,16,0,0,26,0,0,0,0,0,0,0,0,0,0,0,0,0,0,0,0,0,0,0,15,0,49,0,12,0,58,8,0,93,0,71,0,15,72,6,0,0,99,31,0,0,0,0,89,3,0,0,0,62,0,63,61,40,0,99,69,0,62,24,0,54,0,37,0,0,96,56,91,26,96,69,41,69,0,0,0,71,70,0,37,64,70,0,64,20,0,33,20,0,62,3,31,0,0,41,89,0,0,97,0,83,60,0,0,100,0,73,16,0,15,27,0,23,0,0,44,59,32,46,41,0,91,0,0,0,69,45,0,0,54,25,0,0,0,29,0,0,13,16,70,87,13,64,0,9,0,48,0,72,90,0,0,62,63,0,0,0,0,0,0
63,0,55,39,37,61,0,89,0,0,89,95,0,0,14,0,0,34,0,0,0,0,13,0,71,100,0,0,53,92,0,88,90,0,0,0,46,55,37,93,0,67,0,55,0,0,14,0,34,0,81,73,0,11,0,6,0,83,0,0,0,94,0,62,0,0,0,0,6,0,39,87,14,21,0,16,0,0,10,0,0,0,80,30,0,63,0,100,67,74,16,0,5,96,0,0,0,0,0,45,0,0,0,67,0,0,0,5,28,29,78,0,22,70,17,30,0,0,27,51,0,0,0,0,0,0,0,8,0,8,0,32,56,10,0,0,0,11,12,0,38,71,7,0,53,0,0,0,72,41,90,31,42,84,29,75,99,8,0,0,88,90,60,63,0,0,0,52,0,88,25,0,24,72,0,0,0,84,75,0,80,79,0,34,0,0,0,71,44,0,98,49,75,0,0,6,53,0,0,71,0
64,45,100,22,16,0,24,58,0,69,45,0,0,0,4,0,24,61,0,72,0,0,0,4,0,12,0,0,34,40,52,0,0,0,49,44,0,70,0,0,0,33,16,39,0,0,88,0,0,0,0,0,0,0,0,0,25,66,0,0,38,0,0,66,0,0,74,31,50,0,62,0,0,98,91,0,0,0,0,73,0,86,0,47,13,68,29,0,0,0,88,0,0,0,31,0,69,0,73,0,39,0,48,0,0,0,91,0,37,38,0,0,0,0,47,0,6,17,17,0,0,0,90,48,0,94,39,0,0,71,38,0,58,17,7,0,0,0,45,0,0,0,20,4,0,91,27,0,44,0,54,32,72,98,0,95,0,0,0,0,34,0,42,0,89,0,61,0,0,0,0,0,0,0,46,0,83,0,39,67,0,0,20,70,0,69,0,93,0,0,4,69,0,0,55,26,12,27,85,48,0
65,33,76,0,0,0,0,41,0,0,51,8,0,14,0,0,0,0,9,0,0,43,0,0,0,0,17,0,0,41,89,0,0,0,52,0,36,55,76,0,80,79,0,0,0,97,0,0,0,0,91,99,0,52,0,40,0,11,0,28,0,0,23,0,0,13,0,59,0,92,0,0,0,0,0,7,0,0,0,33,0,79,98,69,0,4,0,0,0,56,0,93,0,9,0,0,66,0,0,0,74,0,34,0,49,90,0,0,0,1,0,0,0,56,25,0,97,63,0,0,95,0,0,7,0,0,0,0,74,0,58,0,0,0,0,0,51,0,61,0,0,0,93,0,0,0,0,28,0,96,0,0,3,73,56,47,29,8,32,0,0,38,0,0,0,0,56,81,0,0,27,87,95,0,0,0,54,0,90,11,24,91,0,38,0,0,42,0,78,9,0,0,0,53,0,0,13,54,45,88,0
66,0,0,66,67,49,0,7,70,0,10,0,0,0,40,73,0,89,31,0,77,0,0,29,55,0,0,24,0,4,0,0,0,0,43,28,0,9,0,49,67,0,0,0,0,60,100,99,0,0,7,0,0,0,0,0,0,0,56,67,0,0,13,0,0,29,0,0,29,99,50,0,0,43,0,0,30,49,0,25,41,29,0,0,8,27,54,0,5,96,0,63,78,0,0,32,0,0,0,71,0,0,45,84,72,0,4,0,62,83,0,95,28,72,0,0,21,48,47,31,0,56,0,41,14,0,0,37,11,0,0,0,0,0,0,21,0,0,0,37,0,95,93,0,55,0,87,0,96,29,94,59,0,75,0,6,53,0,0,0,0,0,0,0,0,0,23,0,72,0,30,31,89,0,39,93,47,42,0,0,0,0,0,35,35,0,38,0,67,32,0,0,0,0,0,0,50,0,82,0,0
67,0,0,0,0,87,0,0,0,27,0,14,0,30,0,0,0,32,0,0,40,78,0,88,0,12,38,0,67,0,0,87,0,0,0,0,50,0,0,24,0,0,0,97,0,7,18,29,45,90,2,80,80,84,81,0,59,0,0,83,13,67,0,0,80,0,0,0,0,0,95,0,0,0,53,55,25,0,0,77,80,82,0,51,9,0,66,12,0,0,0,67,2,0,0,25,91,0,19,48,0,21,45,77,0,81,0,0,76,0,58,0,0,0,0,0,69,0,85,39,0,45,94,0,0,0,0,0,0,0,32,31,54,24,0,9,18,0,0,7,33,78,95,0,0,8,0,84,0,4,58,0,0,49,0,0,0,0,0,0,0,0,0,47,94,13,79,84,0,54,0,0,23,41,0,60,71,0,62,71,0,0,0,0,0,0,40,54,73,35,0,0,0,3,80,50,62,0,0,0,6
68,29,0,68,44,0,87,87,69,53,69,32,0,0,96,40,45,38,74,0,81,86,86,22,96,0,29,0,30,0,8,94,62,0,76,0,61,13,0,0,11,0,0,0,0,0,3,0,35,47,84,0,0,10,37,56,10,0,6,0,70,77,0,0,52,41,85,8,0,0,0,29,0,94,20,0,0,23,48,69,47,74,0,0,0,0,8,0,88,20,11,0,82,0,0,0,0,0,72,0,26,0,81,0,0,18,50,32,55,76,35,0,92,49,16,97,0,99,61,42,0,0,0,86,0,0,0,0,21,0,0,0,27,0,0,0,0,0,0,0,3,51,54,0,83,96,0,52,50,3,12,0,0,0,7,0,80,0,0,0,94,0,5,12,0,0,0,0,0,96,41,0,0,7,0,0,0,0,24,57,0,53,12,12,0,10,95,0,6,0,70,7,0,18,34,28,0,0,11,98,0
69,59,0,0,60,62,42,30,0,62,0,0,0,60,52,54,96,47,93,0,73,84,0,52,0,5,66,0,0,0,85,90,58,99,0,96,69,61,51,100,6,88,0,0,84,70,18,87,46,14,0,0,23,15,0,0,0,0,0,0,15,0,0,81,0,0,57,0,0,90,0,51,54,0,22,0,14,57,70,0,18,0,0,0,0,0,0,59,0,83,0,0,0,0,0,0,4,0,0,0,0,76,18,0,0,0,41,47,0,0,75,53,15,51,96,74,0,71,33,0,41,0,4,0,0,0,0,0,0,45,0,0,0,74,98,94,14,0,30,0,0,0,26,0,0,6,0,0,72,49,0,0,96,78,0,0,0,65,27,0,0,0,0,46,66,20,13,0,16,58,72,0,0,0,0,0,0,0,66,0,0,77,0,93,91,0,0,19,0,0,91,85,0,72,52,23,16,48,0,79,94
70,0,0,0,82,0,0,85,0,0,0,36,0,0,0,98,0,0,81,0,4,0,53,0,36,0,30,0,85,0,65,0,27,8,0,36,0,9,29,0,64,0,0,0,0,0,0,60,22,20,0,25,0,27,0,76,45,0,0,27,0,42,0,78,35,0,0,14,0,71,31,0,3,73,73,0,0,0,0,0,0,26,90,0,51,0,58,39,10,0,31,51,0,0,0,76,26,77,97,45,0,18,0,35,0,72,0,93,93,1,0,66,8,0,13,72,0,0,92,0,0,0,0,0,0,0,0,0,47,0,0,0,8,55,0,64,52,0,96,0,0,89,64,0,4,78,14,0,0,0,0,0,64,0,0,0,22,76,0,68,17,30,7,19,0,45,48,25,30,0,25,0,47,0,0,91,0,35,15,0,60,0,0,21,18,0,0,0,56,0,99,65,0,98,0,0,0,41,0,17,75
71,73,17,94,0,77,30,0,78,98,55,0,0,0,0,0,78,0,0,96,0,0,0,0,13,0,0,0,53,0,0,16,0,0,0,0,0,0,1,0,89,40,0,3,0,62,76,0,0,49,0,23,0,0,0,0,0,24,0,0,0,0,0,0,25,81,21,98,66,0,63,0,0,47,62,0,0,0,0,0,67,61,86,0,80,32,0,0,0,87,69,0,16,64,55,2,0,0,0,0,78,0,33,18,62,0,0,6,5,0,11,0,15,0,71,0,0,0,14,0,0,0,87,98,56,70,0,83,2,56,51,97,33,0,0,49,36,0,0,25,0,60,0,77,45,67,0,47,69,0,0,34,0,0,34,14,0,65,0,0,0,0,40,46,29,0,0,19,38,77,18,55,0,4,0,38,0,0,69,0,47,72,0,0,35,0,11,61,0,66,0,5,25,41,42,3,0,21,43,0,0
72,98,65,6,0,80,0,0,33,69,0,27,0,18,14,0,0,20,26,0,13,0,10,0,0,43,67,0,0,41,0,66,82,100,0,93,67,0,0,56,50,40,44,0,10,85,62,0,0,100,0,0,0,0,11,46,0,0,93,0,0,59,0,55,54,0,0,0,10,0,0,0,78,0,100,0,60,9,0,92,0,0,0,5,100,99,0,0,0,0,84,69,19,25,57,0,0,61,0,0,0,0,3,80,68,0,17,85,0,0,0,81,0,3,0,80,0,0,0,0,0,0,41,0,9,68,9,49,0,0,0,0,11,0,80,0,0,0,85,0,0,0,0,0,0,0,0,1,0,0,0,42,14,0,0,0,3,0,59,74,0,85,48,0,68,0,0,0,0,0,0,16,0,0,0,89,81,0,0,6,55,19,65,0,0,80,17,34,66,41,8,37,15,0,0,0,0,0,0,0,63
73,56,24,0,65,46,23,0,25,0,0,0,0,32,97,0,5,0,0,34,0,0,0,0,0,79,0,0,0,0,0,37,100,96,0,0,2,0,23,62,57,0,0,0,0,0,22,73,4,76,5,0,0,90,83,0,14,97,33,0,11,37,63,0,20,0,67,0,96,0,9,22,63,2,0,0,0,25,0,0,38,17,0,87,0,17,0,93,6,0,83,0,0,34,74,74,15,0,75,0,0,0,0,94,81,0,50,0,0,60,13,0,0,55,13,41,41,0,58,0,0,0,0,0,68,43,0,44,0,93,0,0,0,0,66,99,55,0,0,0,0,77,0,0,0,80,0,71,47,0,61,57,46,98,0,0,0,0,40,64,0,0,70,0,77,0,3,64,75,0,14,46,0,0,0,0,0,0,0,0,22,64,2,79,80,0,50,60,0,0,16,0,21,0,0,0,25,0,0,58,0
74,50,0,0,0,77,0,0,0,10,0,0,0,0,0,76,0,0,73,22,86,45,0,0,0,0,0,67,0,0,0,0,0,95,0,0,0,76,57,0,0,0,0,59,33,87,0,0,35,79,56,32,0,8,55,82,0,0,52,0,45,92,44,43,0,92,0,54,48,0,0,37,0,0,0,0,36,72,32,0,76,6,0,0,96,99,51,42,0,25,96,0,0,0,30,74,0,0,47,40,68,0,43,0,0,23,0,0,14,74,0,51,0,87,0,53,0,89,21,30,0,80,63,0,0,69,35,80,0,0,0,0,27,25,66,0,0,0,0,0,0,8,0,0,0,0,0,71,0,42,28,2,3,32,7,73,42,1,56,100,58,0,43,70,0,32,77,21,0,0,0,79,58,44,30,78,0,39,34,22,26,0,51,57,89,62,32,68,65,0,0,0,24,0,0,0,0,0,29,0,0
75,0,0,0,0,32,0,0,92,0,91,0,0,24,23,21,27,71,81,43,0,0,38,67,38,0,85,0,60,0,16,0,27,0,87,0,0,0,0,71,13,44,0,0,0,0,0,79,77,0,25,3,86,51,0,48,0,59,0,50,48,68,0,0,0,70,10,0,0,56,42,61,82,0,41,100,0,77,29,0,0,38,0,0,64,12,80,0,0,0,94,53,17,0,0,42,0,26,0,43,40,78,68,0,4,58,18,12,49,0,0,25,0,84,0,74,71,0,0,0,0,0,32,25,0,46,0,91,0,47,16,87,0,37,0,0,94,0,40,4,0,65,20,0,60,74,71,64,7,0,0,7,20,64,99,90,0,86,0,0,0,0,0,0,22,89,0,0,93,44,24,0,0,0,77,36,6,82,35,0,13,0,91,0,0,99,50,79,38,90,79,0,45,38,45,0,0,0,2,0,91
76,70,46,0,80,0,0,32,7,42,95,0,0,0,16,69,88,51,96,0,17,0,88,0,0,67,0,73,56,75,64,31,0,0,81,0,0,0,100,11,88,0,0,69,0,0,82,0,0,0,0,0,0,63,38,10,4,0,0,57,0,37,25,76,5,62,0,4,0,0,28,48,38,0,0,52,0,0,0,0,28,0,30,0,0,38,94,0,31,0,13,0,12,37,73,31,0,0,0,0,0,98,0,0,0,0,78,0,43,0,0,0,71,43,0,71,0,0,0,0,35,58,0,79,67,77,0,32,0,0,73,46,68,77,72,0,91,42,91,0,98,60,68,14,74,49,0,0,0,0,0,37,95,27,3,89,47,0,31,0,0,0,0,0,0,0,77,0,97,6,0,66,0,69,0,0,0,81,27,0,35,0,0,82,45,46,23,0,41,0,8,0,27,55,0,0,0,11,94,64,13
77,14,94,37,0,0,70,0,0,33,80,0,0,56,40,95,36,0,3,44,0,0,61,8,0,0,73,77,67,97,87,37,0,78,0,63,0,0,0,9,44,0,11,0,0,0,77,86,8,31,0,0,0,53,99,31,64,32,0,0,75,0,49,65,9,49,14,20,14,98,0,13,0,94,91,14,0,0,0,0,72,0,28,97,40,0,0,6,0,87,37,0,0,0,0,99,5,0,89,0,0,83,23,0,0,100,7,0,2,0,33,0,0,0,0,0,37,65,0,0,1,0,0,0,70,5,56,50,4,67,19,53,39,69,65,70,27,0,13,0,9,32,4,34,13,3,0,8,0,67,0,0,49,0,0,16,34,75,0,15,63,95,0,0,0,73,0,75,80,18,0,0,54,82,0,0,19,0,2,0,0,0,0,0,0,0,0,62,0,0,89,80,0,99,0,0,18,0,13,0,25
78,0,0,0,50,29,0,0,0,0,0,95,0,0,0,77,5,15,0,81,99,0,21,1,15,49,0,0,0,0,27,22,19,71,89,0,60,0,0,0,0,0,0,25,24,0,0,76,0,7,0,27,0,89,0,0,0,0,0,0,67,0,0,63,0,30,0,0,100,7,94,0,0,81,95,0,85,0,0,0,44,72,0,34,86,89,1,0,0,0,0,44,39,0,84,66,39,1,62,0,8,67,0,76,0,0,15,0,0,0,0,0,0,0,0,0,58,0,25,0,0,0,78,68,0,27,98,80,0,0,0,0,42,0,81,0,0,61,51,0,0,57,0,0,96,48,0,0,0,0,93,0,13,77,0,21,42,62,0,14,0,0,0,11,8,55,37,0,0,0,0,0,23,0,0,0,9,0,73,15,77,0,36,68,0,98,48,68,48,93,59,0,0,45,44,22,82,0,56,66,87
79,0,0,0,0,88,70,90,0,0,9,88,0,0,13,24,30,74,0,0,0,93,0,0,0,0,0,0,97,0,0,8,61,18,22,0,20,11,98,0,0,17,0,0,0,83,28,0,3,47,0,0,0,100,35,0,0,0,0,0,0,45,10,0,0,7,77,0,87,4,56,0,51,16,34,51,0,0,0,0,0,0,58,0,57,0,0,0,0,68,0,25,32,76,71,0,74,5,27,94,0,55,43,99,0,0,0,0,4,0,0,0,62,94,0,46,0,0,73,0,0,0,0,28,0,97,0,9,0,43,94,0,2,65,36,0,0,0,96,0,0,0,12,49,0,87,67,0,49,65,0,98,61,0,33,76,0,0,1,82,0,0,80,40,45,60,0,0,5,9,0,79,75,0,43,0,26,0,0,0,0,99,51,51,36,0,97,54,91,0,56,0,97,0,0,0,92,0,73,0,22
80,0,0,0,70,68,0,0,65,0,42,0,0,0,23,92,0,81,0,0,91,40,0,13,80,43,0,0,0,70,68,0,5,0,25,60,0,0,0,2,0,0,7,39,0,0,0,22,0,0,0,50,0,0,0,0,0,29,62,35,0,90,26,0,0,76,27,0,89,0,0,0,70,5,15,0,31,96,0,0,0,0,80,0,99,74,58,27,98,75,78,44,0,0,0,0,0,0,0,0,0,0,59,0,0,95,59,0,69,68,0,0,75,22,58,0,0,0,0,31,41,0,0,12,0,0,0,0,0,0,0,0,0,0,0,64,73,17,11,0,0,0,0,0,0,0,0,0,89,11,0,0,12,23,61,66,5,0,0,0,68,53,0,0,0,0,0,35,54,0,11,24,91,0,77,33,0,53,0,92,0,0,51,0,0,33,40,78,88,37,0,0,92,46,0,0,0,0,0,9,0
81,0,0,0,37,0,0,0,93,0,0,68,0,80,59,42,17,89,0,0,90,35,1,0,0,85,2,36,0,65,17,0,0,0,0,83,34,0,0,64,0,0,0,46,50,0,77,0,27,0,0,70,25,0,0,75,0,55,87,85,0,70,62,0,31,0,67,0,64,0,0,0,0,0,0,58,28,0,57,1,23,80,0,79,99,53,0,0,0,82,0,0,10,0,76,0,49,0,0,22,0,0,88,0,75,56,68,11,0,0,16,0,43,43,75,49,0,0,0,0,0,83,77,0,0,0,87,45,20,33,13,0,0,18,0,0,0,0,0,0,54,19,30,0,28,0,80,24,0,77,10,0,49,16,2,97,0,34,0,0,0,11,10,0,91,46,68,0,0,93,11,0,0,61,0,75,0,56,60,0,78,14,47,0,0,58,2,23,96,52,0,0,0,0,48,0,0,0,49,0,0
82,0,85,0,1,25,74,34,0,0,52,36,0,0,53,15,0,88,88,0,46,30,5,0,0,0,33,80,19,63,0,0,0,0,41,0,75,0,99,56,0,0,49,15,46,21,0,0,33,0,0,0,0,83,0,30,49,41,21,76,38,0,0,7,0,47,0,0,86,0,0,30,0,100,0,71,0,0,42,0,0,65,60,0,0,22,0,0,0,0,74,0,6,0,0,0,0,0,81,0,28,94,0,18,99,95,0,100,91,0,0,76,52,3,83,67,32,0,0,88,88,4,0,61,0,0,69,95,0,0,51,0,0,75,34,0,0,75,0,56,0,69,0,0,55,0,56,0,0,0,7,46,72,74,85,81,0,0,8,16,26,0,0,32,0,81,67,45,47,0,43,0,28,31,73,0,0,0,42,0,97,52,0,87,88,0,73,0,0,30,28,0,69,60,0,41,0,71,0,17,91
83,88,27,32,0,14,0,13,43,49,0,0,0,86,0,0,0,42,70,74,2,57,18,72,0,0,47,0,0,93,0,0,37,0,0,0,0,57,0,0,70,92,23,0,0,0,63,0,0,0,13,72,0,0,0,0,0,0,0,89,0,78,0,0,91,24,57,28,86,80,76,62,34,30,90,0,3,0,89,88,9,5,0,0,0,0,53,0,78,90,60,0,0,0,22,91,0,80,0,99,81,0,63,6,0,0,73,11,78,0,0,91,0,37,25,22,18,40,0,0,60,0,0,53,86,0,0,16,29,67,0,0,48,14,0,20,60,0,48,75,44,67,74,67,0,41,57,0,60,29,44,0,0,0,0,0,0,0,65,63,50,0,0,0,99,0,36,21,0,0,39,0,69,42,0,78,70,0,0,0,56,0,23,10,72,0,4,17,68,0,61,0,88,44,24,0,0,0,27,0,0
84,40,61,0,0,6,74,27,0,0,0,0,0,5,82,79,0,46,17,0,0,60,14,65,41,65,33,85,0,35,76,60,92,42,84,87,0,0,21,40,0,0,26,98,0,0,0,21,1,0,83,0,45,78,0,4,0,7,0,0,81,0,83,0,0,0,0,71,47,0,72,0,0,0,80,0,0,8,41,0,0,56,26,0,4,0,0,0,0,8,0,0,0,44,0,0,0,46,0,0,0,28,0,0,0,36,41,93,76,71,39,32,11,92,0,6,0,0,73,53,94,24,38,0,13,96,74,39,0,0,18,0,0,65,0,66,67,47,0,17,0,0,100,0,43,11,0,81,0,75,0,32,0,0,74,0,6,0,66,86,0,0,0,56,83,11,0,0,0,86,0,0,0,0,92,26,0,0,0,4,31,100,0,87,0,50,0,59,42,84,0,74,0,7,33,0,15,0,0,0,40
85,0,41,0,12,0,0,0,0,56,13,0,0,82,0,17,74,0,0,0,0,40,98,43,81,0,12,18,56,48,0,0,65,33,0,0,0,24,52,58,0,0,100,68,18,0,82,50,87,0,0,0,0,94,14,0,0,0,90,60,80,76,57,97,0,0,52,92,54,70,0,0,55,69,38,58,32,0,0,0,10,0,0,0,61,0,0,0,4,73,0,82,0,37,21,0,0,90,75,5,0,0,0,0,13,0,2,1,3,0,37,0,92,21,8,0,14,0,51,64,9,97,0,0,0,0,0,99,14,15,0,69,0,74,68,24,17,0,0,25,0,56,0,0,32,82,0,0,0,34,61,40,0,1,0,38,79,91,0,71,3,0,50,0,0,0,80,0,58,0,0,58,28,0,0,0,0,0,55,35,0,0,0,0,0,0,0,0,0,59,0,97,0,47,62,0,59,32,67,0,34
86,0,23,84,91,84,63,0,78,94,60,0,0,0,0,0,0,2,0,0,78,0,0,76,96,88,8,0,0,0,0,66,0,14,81,89,0,0,0,0,7,0,0,54,27,4,0,72,94,0,0,75,95,50,0,0,0,33,28,0,61,53,85,2,83,0,0,62,0,79,0,44,0,0,0,0,0,5,100,51,19,0,81,54,0,0,0,0,0,71,0,13,0,0,0,80,0,0,24,0,0,52,0,0,82,0,0,51,0,11,0,0,0,7,93,84,0,0,0,43,0,49,0,0,0,0,20,89,93,11,0,94,21,65,4,43,0,32,61,0,0,19,60,57,0,91,24,0,0,11,92,61,32,0,0,72,82,0,19,0,0,0,0,0,2,0,76,0,0,0,0,21,28,0,21,67,48,0,0,0,0,0,14,0,0,37,0,0,47,87,0,0,87,0,72,41,77,0,14,0,0
87,51,91,0,55,96,28,0,97,92,0,0,0,38,0,98,0,0,0,16,42,0,51,49,60,28,1,0,83,0,0,96,0,0,0,0,88,0,43,21,0,0,0,0,0,0,0,8,100,0,0,37,0,77,0,88,70,0,0,51,22,50,19,0,0,95,23,37,26,19,50,0,0,0,0,11,14,92,0,0,0,33,28,60,48,0,65,3,0,3,0,5,5,43,0,0,59,88,37,0,76,5,0,38,40,20,60,0,0,82,97,61,36,0,0,0,0,0,0,0,0,39,0,0,48,0,9,45,100,66,84,20,0,3,0,92,80,31,86,0,30,0,86,0,0,48,42,9,5,0,5,67,0,92,95,0,0,0,0,0,19,41,91,46,0,53,0,0,0,89,0,0,0,0,0,41,0,0,0,24,17,0,82,58,0,0,0,0,72,7,40,75,11,55,60,15,0,19,0,55,0
88,76,9,0,0,71,0,0,13,92,0,0,0,44,4,0,83,52,37,0,38,0,0,0,0,0,22,0,29,0,0,0,0,69,0,0,0,0,0,0,0,84,0,0,39,0,69,58,0,81,13,0,46,0,51,38,94,59,0,80,18,47,95,0,0,42,47,10,84,0,60,0,90,8,9,0,19,0,79,7,0,0,24,0,0,80,0,93,0,0,0,22,0,0,0,40,35,79,0,0,50,0,0,51,9,17,68,97,0,32,0,76,0,39,73,0,0,2,0,0,50,0,45,75,96,69,90,0,92,0,70,0,0,0,0,71,77,95,0,0,0,79,3,0,72,50,80,0,0,96,63,52,0,46,0,68,0,0,86,0,0,0,0,0,38,88,0,0,0,0,0,0,0,41,14,0,0,0,0,0,12,0,14,82,25,0,51,0,0,2,57,41,0,0,94,94,0,0,10,0,0
89,0,0,35,0,0,0,91,20,77,0,49,0,0,0,61,0,0,84,0,0,0,0,72,0,0,88,0,81,0,0,89,12,87,14,19,53,0,64,66,98,0,0,0,56,0,40,97,30,31,0,0,0,35,89,0,69,73,29,0,0,84,0,0,82,34,0,73,0,0,30,44,44,0,88,27,0,58,0,0,0,0,78,0,31,0,0,28,0,20,0,28,11,0,95,84,0,0,87,0,0,42,0,76,0,0,59,49,0,57,0,0,62,0,57,67,8,0,0,0,0,0,50,0,79,0,0,0,0,12,1,0,80,0,0,0,0,78,0,22,21,0,0,22,0,37,37,90,9,45,0,74,12,0,0,0,38,12,25,0,85,8,0,86,0,0,0,59,0,0,1,0,0,10,2,17,0,77,8,0,0,0,0,0,32,57,38,86,33,0,0,9,0,0,0,0,0,91,10,17,19
90,0,0,0,93,92,72,0,0,79,59,88,0,0,0,5,0,0,81,0,0,70,23,0,0,0,0,0,0,51,0,28,0,0,0,0,57,0,68,33,54,0,67,0,0,0,25,78,0,19,0,0,8,60,35,24,48,0,0,0,100,38,0,18,28,0,23,0,23,3,0,62,4,0,15,12,26,0,85,0,0,0,0,0,0,0,6,28,44,0,2,0,71,0,3,0,0,0,0,62,46,18,0,29,0,82,84,0,0,41,60,0,80,78,89,93,68,0,0,65,52,77,26,0,0,48,0,92,0,11,93,1,91,11,0,79,46,41,0,0,6,61,53,67,33,80,93,0,11,27,6,0,34,0,0,78,0,0,0,44,70,0,16,0,3,3,64,88,0,0,90,60,72,1,46,0,0,67,0,0,0,57,0,0,0,45,15,0,17,28,94,30,0,76,0,35,82,0,10,73,43
91,29,78,36,0,93,92,17,53,48,90,0,0,98,0,19,0,31,40,0,6,0,0,0,73,0,0,10,0,0,25,46,9,61,0,0,27,86,74,71,6,0,86,0,0,0,92,0,79,0,10,82,65,25,39,82,0,62,8,0,0,0,0,0,73,0,4,90,0,99,40,0,15,0,0,0,52,16,41,29,55,0,0,96,0,75,0,0,0,0,0,0,0,59,0,0,0,0,0,15,0,0,61,92,0,0,29,0,37,0,97,0,0,27,0,0,0,0,0,0,0,0,35,0,27,0,0,33,0,95,0,5,51,7,0,0,0,0,0,0,71,60,45,16,0,0,82,40,0,64,43,0,94,15,0,0,38,0,57,77,30,72,0,0,48,63,0,0,0,47,0,86,0,100,0,83,0,0,0,31,0,0,0,97,53,3,0,0,0,0,57,0,97,0,24,7,0,0,0,1,0
92,71,58,0,0,0,0,50,86,0,0,66,0,0,0,0,96,95,0,75,0,0,0,66,4,60,0,11,0,99,13,2,0,19,0,50,84,76,58,0,0,0,0,0,0,0,0,0,56,0,0,47,62,19,0,0,51,38,0,0,0,0,0,34,0,0,92,0,0,0,11,0,0,89,17,50,0,0,20,0,0,0,81,0,43,0,54,0,16,62,99,0,0,0,0,29,10,0,88,0,0,0,0,0,0,0,0,0,0,66,98,61,13,11,93,0,82,8,86,9,92,64,84,0,100,83,34,14,0,13,55,20,70,73,62,0,86,0,0,45,0,0,0,28,38,52,0,0,15,89,27,96,68,0,0,0,47,40,0,78,34,12,0,0,39,19,48,0,0,0,63,0,85,0,82,0,71,0,0,0,0,14,79,0,0,45,55,86,0,88,0,0,0,0,0,0,0,0,95,57,95
93,0,0,72,0,0,89,11,82,50,83,0,0,0,2,47,0,0,0,0,76,39,0,0,37,0,58,7,20,0,94,0,37,32,58,31,0,94,82,4,0,92,0,0,24,46,0,0,20,0,52,8,47,90,0,0,42,43,85,41,0,57,12,0,16,0,0,1,1,0,0,42,0,88,39,21,72,0,0,0,31,0,40,0,0,76,0,46,2,91,0,64,0,1,0,0,36,0,60,97,87,0,46,73,78,88,53,22,0,0,48,0,86,7,0,0,82,76,0,0,13,69,0,0,90,21,25,0,0,17,0,0,5,77,0,0,0,38,59,0,0,82,87,61,14,79,9,0,0,0,0,0,0,77,0,0,0,13,0,72,0,0,0,0,87,0,0,10,36,21,66,0,0,35,0,0,97,0,97,59,0,0,17,0,0,0,71,0,26,0,0,0,0,84,0,0,0,0,90,0,28
94,0,42,0,0,100,0,0,75,0,0,34,0,91,0,0,82,0,31,0,31,47,82,88,0,0,27,0,0,0,61,0,4,0,11,48,0,0,0,0,0,41,40,32,71,0,0,0,34,0,0,62,34,55,18,0,0,0,22,0,0,0,0,0,0,0,78,38,0,0,0,0,0,0,14,0,36,0,90,0,0,28,61,14,25,38,0,0,97,93,0,0,0,0,67,0,0,0,65,0,0,36,0,88,0,21,0,41,0,0,0,0,59,0,0,100,6,90,0,0,74,0,83,0,56,0,89,99,83,59,1,11,21,74,88,58,0,0,35,58,0,82,0,21,66,0,41,53,84,23,0,20,0,0,0,66,0,0,0,40,84,0,0,0,26,0,59,0,4,0,0,64,80,0,17,0,0,34,45,0,42,12,0,40,0,27,92,0,97,0,0,89,67,0,0,53,0,86,0,0,0
95,55,0,73,0,45,0,0,88,0,81,0,0,83,30,0,0,7,0,82,0,40,83,0,42,18,73,76,80,0,22,39,66,50,0,0,19,0,26,77,93,100,0,0,23,64,17,0,31,81,38,26,0,73,0,0,0,73,0,0,0,0,53,0,3,58,0,28,0,0,0,99,12,6,20,75,0,83,0,0,58,0,16,0,100,0,0,0,43,0,0,37,16,75,42,0,0,4,47,0,84,37,0,90,0,21,0,70,0,0,21,0,0,0,0,0,0,0,0,0,0,98,39,6,75,0,0,27,0,0,75,18,0,40,10,0,97,33,0,0,84,56,0,73,0,74,0,0,30,0,53,0,32,0,0,0,74,0,0,84,89,49,0,0,29,59,0,0,13,38,0,0,0,0,2,98,24,0,45,64,62,10,20,91,29,6,75,0,71,0,18,93,25,0,18,18,42,0,72,0,95
96,0,95,0,74,0,0,0,0,54,14,96,0,4,50,98,0,0,16,70,76,0,0,0,0,5,98,68,58,0,0,0,99,63,42,0,0,0,20,0,18,2,0,0,70,0,0,0,0,0,0,0,63,73,31,0,0,0,0,40,67,72,39,0,22,0,0,74,0,0,55,0,65,70,46,0,0,0,86,0,67,29,78,26,0,0,0,0,0,39,0,0,89,74,0,0,0,0,6,0,0,89,0,65,0,0,0,0,0,0,0,81,0,0,61,0,0,0,17,69,85,0,0,18,0,33,0,28,29,95,35,0,14,44,4,0,65,67,93,0,0,0,0,70,0,0,0,38,0,84,0,0,0,75,3,12,0,76,0,88,0,79,0,8,0,33,1,50,0,71,60,0,28,0,0,23,95,0,35,0,62,0,0,0,13,0,0,0,0,45,0,84,11,0,0,15,0,0,10,15,48
97,18,0,0,0,15,0,0,35,52,46,0,0,87,0,0,0,0,78,0,0,80,11,72,24,10,46,69,0,0,58,0,0,0,13,63,0,96,0,32,78,2,0,54,5,0,90,7,0,0,0,26,0,0,0,0,37,49,3,58,0,33,0,60,0,9,24,71,0,52,70,70,0,0,10,0,0,11,0,0,0,0,49,99,0,0,0,88,85,0,86,77,19,90,45,8,0,35,0,87,0,0,0,57,0,0,86,86,54,41,26,0,33,100,0,68,0,31,96,51,6,60,0,0,0,8,30,0,0,21,29,0,76,6,70,85,2,0,43,0,0,0,21,43,0,72,30,0,25,0,0,0,85,40,0,0,0,23,0,0,0,0,0,0,21,0,73,0,42,0,0,0,24,8,62,0,10,0,97,0,75,76,0,45,0,59,63,0,6,0,73,82,80,0,0,0,0,0,23,77,0
98,61,91,29,0,87,74,20,0,73,0,51,0,43,51,0,0,0,0,0,46,0,0,79,9,0,0,67,0,0,0,0,0,0,0,0,69,23,0,0,18,84,0,12,0,0,59,44,78,0,0,0,5,0,0,0,0,48,8,0,0,6,0,80,0,7,60,0,70,0,30,1,97,99,0,0,0,57,0,23,71,9,97,0,94,67,73,0,0,0,42,74,19,6,0,54,0,58,0,0,0,84,0,83,0,0,24,0,81,90,57,41,0,0,4,0,0,71,0,0,0,0,33,0,60,0,0,13,0,0,58,0,6,55,0,32,38,0,100,0,11,91,73,0,0,21,59,0,0,61,77,0,40,0,73,0,90,0,46,0,0,87,0,16,0,71,0,54,0,0,55,68,0,86,12,0,96,26,74,27,0,0,14,28,26,29,0,92,27,51,38,21,0,0,0,12,0,0,0,47,84
99,47,10,65,52,95,100,0,78,0,63,0,0,94,0,0,42,45,87,0,0,89,0,15,0,0,0,0,65,90,0,0,0,18,26,53,0,0,0,75,37,94,73,59,87,76,0,8,0,73,0,2,0,0,0,0,64,22,0,48,38,31,0,0,0,0,0,75,0,6,0,60,0,59,0,20,13,21,0,0,79,9,0,0,0,0,0,20,5,52,0,0,41,69,73,67,99,86,31,63,0,0,0,38,0,0,0,0,30,0,0,0,58,6,0,81,82,41,0,75,22,0,78,46,0,0,0,0,46,0,0,0,0,74,0,0,41,0,0,30,13,12,0,0,17,37,0,67,67,0,0,4,64,0,0,27,19,0,94,10,3,73,64,99,0,63,21,15,0,0,0,61,26,94,11,0,86,25,21,0,9,0,0,50,34,0,1,0,0,12,25,0,84,0,0,28,0,0,0,0,0
100,21,0,0,44,56,98,78,0,18,69,0,0,0,31,29,73,37,0,0,38,33,49,0,57,0,17,0,0,0,48,6,0,1,0,31,56,98,71,0,35,0,93,0,16,0,0,30,36,0,0,33,16,21,0,0,0,19,0,0,0,0,24,46,22,0,67,0,88,0,38,89,0,0,49,0,0,0,38,0,95,90,67,0,0,0,0,1,0,8,0,98,0,79,64,0,15,80,34,0,0,0,0,0,24,50,50,28,29,0,0,49,0,0,68,60,95,0,0,0,0,32,0,18,0,9,85,0,0,58,0,56,55,84,6,65,0,0,0,0,0,0,0,96,11,0,0,0,0,16,63,0,0,33,43,36,0,0,57,0,22,12,24,0,0,0,4,51,0,18,0,94,94,28,0,41,0,0,24,0,80,0,0,0,74,0,0,22,98,66,69,57,18,0,0,0,62,0,20,52,0
101,0,0,0,0,0,57,0,91,33,0,45,0,24,0,11,25,99,92,0,22,66,0,22,0,97,0,0,0,0,0,0,0,0,33,0,77,65,35,84,0,0,72,11,56,0,0,0,9,0,90,0,0,0,0,62,0,0,0,0,0,68,0,20,17,0,94,32,72,86,0,0,3,13,39,0,75,0,0,0,5,0,63,45,0,0,10,0,0,47,15,87,0,46,79,0,23,97,0,0,49,0,0,48,60,0,50,0,88,0,0,0,60,0,0,0,0,32,0,0,70,0,0,75,0,0,0,0,0,75,16,0,0,65,0,13,0,84,63,29,91,0,0,64,0,0,0,0,88,0,0,0,68,87,0,65,0,35,11,0,0,36,85,27,52,0,80,0,49,25,0,21,58,0,43,20,46,0,41,0,0,93,0,39,24,0,0,64,0,60,0,92,0,78,0,0,0,0,13,84,62
102,29,49,85,0,0,80,0,24,0,15,91,0,0,0,96,0,0,0,0,91,3,0,0,0,0,72,64,0,0,0,0,91,28,67,0,95,0,7,73,0,9,0,71,0,0,4,53,0,36,0,0,40,0,26,0,0,55,53,83,0,36,30,1,86,83,0,54,5,14,63,47,0,0,0,24,0,0,0,89,0,24,27,15,64,72,29,73,0,18,0,0,34,92,0,16,94,0,80,93,17,0,0,0,44,0,98,0,0,0,0,85,81,73,0,25,0,89,52,0,0,73,0,0,27,22,0,0,0,0,45,0,84,0,35,58,0,0,0,41,6,74,0,0,0,0,0,91,0,0,20,0,0,0,0,0,0,0,61,47,0,0,1,0,0,0,0,94,44,0,0,0,0,100,0,20,0,84,46,92,79,16,18,0,32,38,0,34,0,66,0,0,25,0,27,89,50,0,0,4,0
103,26,80,75,0,69,0,48,0,0,0,0,0,0,0,83,0,0,12,0,24,0,61,0,85,34,77,0,23,0,83,69,0,0,0,24,82,50,20,0,45,0,86,0,0,0,44,0,0,6,97,0,0,0,0,0,26,0,90,0,67,0,97,0,49,0,30,0,76,9,0,0,97,98,30,99,89,0,0,0,0,27,9,63,82,0,10,51,0,70,6,0,0,0,0,0,62,0,17,0,0,0,47,0,0,0,0,96,0,10,0,0,69,0,49,2,12,57,4,94,0,0,0,0,0,74,60,46,91,7,4,0,0,3,0,69,73,0,0,0,98,0,73,0,0,64,0,0,0,5,0,0,26,97,0,0,9,0,67,0,0,98,0,0,0,43,13,0,62,0,0,0,31,0,0,33,0,0,56,0,0,72,5,0,0,0,43,0,70,0,43,46,6,13,73,0,98,0,0,0,0
104,0,0,24,0,26,0,0,100,30,0,59,0,16,0,0,0,0,78,0,96,0,0,59,0,0,40,32,0,0,63,0,34,93,29,41,78,59,0,7,44,46,54,74,0,59,18,0,34,0,64,86,79,68,0,23,10,0,11,72,63,50,74,61,74,36,0,5,66,88,61,85,99,37,63,0,77,66,80,75,0,0,0,37,58,0,0,0,0,67,0,63,0,80,0,47,48,70,0,0,18,66,100,0,0,0,0,60,0,0,0,0,77,51,50,0,15,0,0,0,53,0,0,8,0,0,0,0,0,54,0,0,90,0,0,74,99,0,0,25,0,52,0,5,46,0,59,17,88,0,44,25,0,53,34,25,68,5,0,63,0,0,0,55,0,0,10,0,72,0,0,0,86,46,64,64,78,0,0,97,0,0,88,0,0,0,0,0,29,0,3,0,0,83,0,0,56,0,0,59,28
105,0,0,47,59,0,16,0,84,0,95,0,0,0,0,0,0,0,0,0,0,69,55,0,53,0,69,0,0,0,0,84,64,75,0,0,19,4,87,0,83,21,0,64,0,0,84,59,21,64,41,34,0,0,39,24,13,0,0,0,26,56,0,20,90,37,0,83,0,0,0,0,0,0,83,0,0,56,2,48,11,0,65,87,60,0,0,0,0,0,14,0,0,0,0,0,94,0,0,0,0,24,87,20,0,50,0,35,32,0,43,54,0,0,54,57,51,0,0,0,35,21,0,0,79,0,0,67,9,0,0,0,88,97,0,0,49,0,43,43,38,0,47,0,0,0,34,31,0,0,0,31,32,0,37,0,78,0,21,73,66,0,97,4,28,0,0,0,0,74,0,0,18,0,0,22,0,0,0,92,0,0,57,62,54,94,61,55,44,42,27,0,62,100,58,0,0,72,19,0,54
106,0,46,80,0,79,99,0,15,60,0,60,0,65,0,0,71,0,66,52,50,0,0,99,80,46,0,0,0,0,17,0,0,0,0,0,0,15,0,81,19,0,2,0,0,4,0,67,0,69,32,29,0,0,0,0,0,98,77,0,97,37,0,98,62,0,0,18,0,0,58,0,0,0,76,30,84,12,0,0,0,86,3,0,0,0,0,0,0,0,0,31,15,71,0,34,0,0,8,73,41,74,19,0,0,0,0,0,69,0,0,61,57,58,0,0,38,99,0,49,1,71,92,0,15,8,29,24,0,0,64,0,0,0,0,0,52,81,0,49,0,43,52,0,0,0,24,92,0,0,37,0,33,58,0,0,0,0,0,69,0,56,8,28,0,70,4,52,19,89,39,0,38,44,0,0,0,0,73,12,0,12,0,0,94,11,0,4,82,74,0,94,72,66,0,0,0,0,74,0,0
107,0,0,11,0,0,0,58,24,43,0,0,0,21,95,0,0,0,18,0,0,30,0,0,97,30,0,6,31,55,0,2,0,2,33,100,0,75,0,81,0,12,11,0,6,76,73,5,0,0,54,67,76,0,0,0,0,46,76,0,0,0,11,0,29,36,0,97,63,0,25,4,22,0,0,0,0,0,4,0,0,59,32,82,0,72,0,0,0,9,30,0,33,97,29,51,0,0,83,0,0,27,0,0,94,0,0,12,0,0,0,0,0,22,99,0,34,0,0,0,9,0,20,0,0,22,16,3,0,0,50,85,0,69,0,7,0,7,16,0,0,0,90,0,0,99,0,0,0,89,0,0,83,0,96,0,46,0,65,0,64,0,0,0,64,50,0,0,0,92,93,0,34,0,0,0,0,0,9,46,95,0,58,0,0,0,15,63,22,21,0,98,3,71,0,71,0,0,0,0,0
108,0,80,0,67,0,0,9,0,89,0,40,0,3,0,66,0,0,87,86,53,0,0,85,13,74,17,0,0,38,0,10,0,32,71,73,76,0,0,0,46,57,0,0,0,51,0,94,0,0,0,78,0,89,52,0,0,0,72,0,69,0,87,43,78,91,95,0,0,0,24,0,0,78,74,0,99,0,70,31,0,0,0,0,86,0,0,0,29,0,0,0,0,95,0,0,6,27,21,0,78,0,56,82,100,0,33,0,0,0,20,47,23,36,94,60,17,13,0,0,0,0,0,10,0,0,0,0,0,0,19,0,0,77,69,38,0,97,80,0,39,0,0,73,0,40,29,73,0,0,77,0,12,38,28,83,81,0,0,77,0,5,0,0,53,0,0,0,0,49,83,0,90,15,0,0,0,34,72,54,79,17,0,27,9,21,0,0,39,74,0,36,98,0,0,0,0,0,55,0,0
109,21,0,0,0,0,0,0,29,34,48,70,0,0,94,0,69,0,0,76,89,43,0,91,2,0,3,0,75,0,0,62,0,14,0,0,95,0,64,75,0,0,60,0,0,0,99,0,0,50,72,40,84,0,22,0,0,64,25,0,0,54,49,29,44,33,91,0,24,86,0,0,15,95,55,0,0,0,0,0,0,22,32,4,75,66,0,0,0,0,46,66,42,72,16,0,73,0,0,0,36,0,0,25,0,80,7,100,88,0,0,65,5,64,78,93,70,83,64,93,0,0,29,66,10,93,89,69,0,0,0,0,0,46,84,0,0,46,0,0,0,0,93,0,23,47,38,93,65,95,0,0,9,61,18,73,0,0,50,11,47,0,84,18,55,10,48,0,0,0,7,12,14,90,0,0,0,0,0,35,0,0,0,51,47,85,76,0,0,43,0,0,13,13,0,87,0,20,0,16,0
110,0,0,0,0,13,0,0,16,60,13,9,0,0,62,0,56,80,0,0,0,50,52,52,0,46,73,56,0,0,44,34,0,5,8,0,96,78,25,42,0,2,0,0,17,43,0,0,20,21,16,0,0,37,0,71,0,0,37,0,29,18,0,82,61,0,0,0,0,0,0,0,0,56,92,0,0,22,66,77,0,0,0,78,76,0,20,0,0,1,0,0,34,65,0,0,2,3,0,59,21,0,86,0,42,0,0,0,0,99,86,0,46,8,90,0,0,7,0,31,68,96,82,91,27,0,0,0,0,3,0,76,24,0,0,33,32,0,39,39,0,0,0,70,0,88,0,78,0,0,73,70,0,0,0,81,0,0,50,72,74,3,34,0,0,30,0,42,0,83,0,0,28,87,0,0,89,38,0,0,0,0,45,57,47,0,0,97,0,0,11,2,0,0,0,12,55,0,0,73,72
111,0,28,0,0,0,29,4,3,70,0,86,0,0,0,33,54,0,0,0,26,62,86,2,82,68,0,96,0,90,100,0,0,0,5,50,37,85,0,78,42,0,0,16,92,35,97,55,0,34,0,0,0,40,0,0,0,0,0,0,57,0,31,77,77,42,0,43,0,87,89,75,0,0,70,10,37,0,0,29,0,0,39,8,0,64,0,0,0,0,94,0,0,58,44,0,0,0,54,0,0,0,0,73,0,15,0,72,31,0,67,39,0,0,0,79,0,78,12,16,0,39,32,28,26,87,0,92,16,35,27,0,0,87,64,3,82,0,0,86,17,26,3,67,46,32,0,20,9,0,68,87,17,98,0,0,0,0,0,0,0,0,0,0,18,0,0,1,97,92,0,0,0,87,63,19,71,74,1,0,0,81,0,3,36,34,92,0,45,66,32,0,83,87,0,8,86,77,95,58,68
112,16,0,35,35,0,87,5,0,0,36,0,0,0,0,0,65,58,0,14,61,0,0,0,0,17,0,85,12,41,95,30,33,0,0,0,27,72,0,69,52,0,63,0,0,64,0,86,30,63,0,0,83,64,98,0,46,24,0,19,21,10,67,0,0,38,37,0,0,0,47,63,63,0,43,0,0,0,0,0,78,0,0,50,22,50,16,0,97,0,84,0,28,74,7,0,44,20,78,50,2,16,7,0,0,67,0,36,90,3,43,56,1,0,94,31,13,0,0,99,22,62,28,89,0,56,0,65,72,63,0,17,0,34,0,26,0,18,0,61,38,0,0,5,0,22,46,0,0,44,0,0,2,98,48,0,80,37,14,25,0,38,34,73,0,0,0,21,0,9,21,0,0,40,0,69,0,0,0,26,13,18,49,0,11,70,0,0,0,0,0,0,83,0,55,0,0,49,21,2,93
113,0,0,0,0,0,0,7,6,0,0,46,0,9,0,0,0,46,97,0,0,13,0,68,0,0,43,79,50,28,0,93,70,0,0,0,63,41,0,0,71,6,81,0,0,46,0,40,0,76,88,0,34,27,0,87,0,0,0,76,62,0,19,0,92,0,97,0,0,0,0,99,52,85,98,0,0,51,0,0,0,43,6,5,0,77,0,67,44,98,26,0,59,0,52,0,0,0,0,0,51,50,0,96,0,0,0,0,28,13,27,0,70,0,0,50,0,95,57,0,0,0,0,0,0,0,0,90,0,88,0,39,15,14,0,0,0,0,31,21,0,32,94,75,0,0,15,41,0,0,17,0,0,80,0,0,29,0,68,0,0,21,94,17,0,48,0,68,41,88,0,28,0,16,0,83,55,0,97,0,76,0,41,37,41,56,0,0,88,94,67,9,0,31,0,62,0,0,0,54,52
114,63,42,76,0,23,67,0,0,21,0,54,0,0,30,77,0,79,0,0,0,0,95,54,0,0,0,60,0,44,0,0,82,3,0,0,17,0,50,0,0,15,0,51,0,0,0,81,0,0,0,0,67,0,0,72,45,17,0,0,0,61,22,0,27,0,17,0,5,99,0,0,36,0,18,3,0,0,75,43,71,0,19,0,0,0,0,0,7,49,0,8,66,0,0,41,0,88,0,0,21,45,0,46,53,7,6,0,68,0,36,7,25,0,0,0,0,0,0,96,24,73,71,83,0,6,0,9,69,0,0,10,74,0,0,0,0,63,10,0,0,99,24,0,52,0,15,77,0,0,0,62,0,0,45,0,14,0,41,0,22,0,0,0,0,0,22,0,0,42,95,0,0,0,0,40,33,0,43,22,56,74,0,30,98,0,0,0,0,0,20,98,47,24,0,90,0,25,0,0,44
115,16,0,37,11,0,74,0,0,17,0,44,0,0,36,94,0,0,0,53,53,0,67,0,0,0,58,9,0,0,0,0,0,13,97,0,0,13,0,81,85,0,5,77,0,0,48,30,0,0,0,0,25,0,0,0,0,0,0,11,0,0,12,40,36,0,0,63,0,84,0,0,78,0,94,0,0,48,81,30,0,29,21,16,52,0,49,94,0,0,42,0,0,2,20,0,0,11,0,19,0,23,0,0,0,0,3,0,49,0,32,28,0,47,0,0,0,22,49,0,0,0,53,0,0,0,92,65,0,85,0,0,0,0,89,41,0,0,0,42,92,49,0,2,95,0,0,0,0,0,0,96,51,0,0,0,0,90,0,0,0,1,51,84,0,0,100,0,73,30,59,18,73,0,50,46,0,40,0,77,59,46,0,11,15,0,28,100,83,0,55,56,0,100,66,43,0,0,81,33,6
116,67,0,0,18,44,92,0,97,0,0,59,0,62,0,7,0,0,91,36,0,0,78,0,0,0,0,0,25,0,58,0,0,0,90,41,75,22,0,0,0,24,62,5,91,0,91,6,56,80,0,76,0,0,0,0,0,0,67,48,65,41,39,37,0,81,0,86,0,3,46,0,55,68,0,0,0,0,4,0,0,66,76,0,0,54,35,8,88,70,0,52,0,0,83,40,90,0,0,0,0,0,96,89,71,0,70,2,97,0,0,0,28,41,52,24,0,0,41,0,92,22,0,0,43,0,28,0,0,0,72,8,0,0,63,76,65,0,0,47,0,65,0,0,0,52,0,59,20,0,0,10,0,77,45,50,0,0,91,0,46,0,0,0,0,0,0,24,0,0,4,80,57,0,22,0,0,0,0,0,0,39,60,0,55,64,0,15,57,86,0,62,39,0,14,0,0,0,10,0,0
117,0,20,0,0,0,0,23,0,0,46,23,0,52,73,0,0,10,35,37,12,28,0,25,46,98,6,81,51,14,0,0,0,45,30,92,17,27,65,0,0,19,36,0,0,0,0,0,0,0,0,0,65,60,0,57,88,0,0,13,25,92,96,0,68,42,72,74,0,0,74,0,18,0,0,19,35,0,0,2,22,0,87,5,13,80,64,0,86,8,0,80,0,63,0,0,5,88,8,0,49,56,53,0,100,48,0,0,20,71,0,74,0,0,51,0,0,0,0,24,0,69,33,0,0,0,0,0,0,0,69,51,0,0,0,29,69,91,0,0,0,0,95,8,0,51,0,0,71,29,13,0,0,0,0,0,0,0,88,0,0,0,72,74,30,75,75,72,57,0,0,66,81,17,0,0,0,8,0,48,0,0,71,0,44,69,22,43,0,0,0,53,12,0,0,0,88,0,16,0,0
118,56,54,0,0,0,89,0,0,0,0,0,0,0,12,2,0,0,0,34,57,78,0,88,82,0,0,0,0,0,38,3,60,22,8,58,0,17,0,2,43,0,0,0,68,99,0,0,0,43,29,0,75,11,0,0,57,21,0,0,0,18,89,47,0,36,39,0,0,0,83,0,92,58,99,86,17,0,97,35,0,0,27,0,81,30,0,0,0,0,50,0,0,0,13,23,0,0,0,73,69,0,0,60,0,0,0,0,11,0,8,0,57,78,0,50,0,0,61,0,68,0,0,0,69,19,14,51,61,39,51,36,0,0,0,0,0,0,0,9,0,0,83,78,0,4,73,74,3,100,78,0,78,15,0,46,35,0,0,92,0,60,66,90,1,0,0,0,33,24,0,84,0,64,0,88,0,32,0,0,48,54,80,78,61,0,0,0,0,42,39,21,0,67,0,3,57,24,0,0,38
119,0,0,0,0,0,18,0,43,0,45,0,0,0,92,0,0,0,0,55,0,97,0,46,82,74,0,0,93,0,0,0,86,0,0,71,0,0,40,0,0,0,0,0,38,0,16,89,76,0,38,15,96,0,0,71,73,76,99,0,0,73,0,16,0,0,0,59,0,0,0,30,33,10,0,0,0,16,12,0,67,70,7,0,0,77,0,0,15,2,0,53,88,0,0,74,0,0,88,87,19,0,0,42,13,0,0,3,0,0,97,85,22,50,0,0,33,27,67,57,0,37,0,0,0,0,0,0,0,84,63,0,0,0,0,0,0,79,0,0,66,0,0,46,60,12,0,75,0,0,45,0,0,0,0,0,31,28,0,37,66,0,0,0,13,78,0,83,98,74,80,78,0,95,25,97,42,0,0,17,0,98,20,0,21,0,0,0,82,19,42,0,0,0,24,65,73,50,0,74,0
120,40,97,0,0,0,5,20,82,0,0,0,0,30,46,87,54,15,0,53,50,95,0,0,0,6,0,0,92,93,24,0,85,35,53,0,0,0,38,52,0,35,0,73,33,8,0,70,62,0,0,26,100,45,0,0,0,3,20,0,0,46,0,65,41,68,0,0,82,71,0,0,52,0,11,51,0,20,58,0,0,0,32,0,31,41,76,1,0,86,57,0,0,42,0,0,0,54,0,0,20,0,56,9,75,77,0,0,72,33,0,0,0,0,0,0,42,11,20,0,0,0,14,96,0,91,0,45,73,0,12,0,0,30,89,66,60,15,83,39,31,58,0,0,71,26,0,47,32,0,95,0,66,45,60,0,73,0,87,0,0,71,0,0,38,0,35,0,44,35,5,0,97,0,95,13,12,0,98,11,35,8,0,0,7,0,56,0,25,0,0,0,0,59,7,0,0,0,0,45,0
121,21,0,67,41,13,45,18,53,0,71,99,0,1,87,0,0,44,0,10,85,0,0,0,0,0,0,0,0,0,0,52,51,56,84,8,52,0,0,0,84,30,0,0,0,0,54,84,0,0,0,7,0,0,89,0,0,0,28,54,77,37,0,0,0,62,32,0,90,0,0,6,0,0,81,0,0,83,46,92,11,0,0,54,0,0,0,57,0,2,36,0,92,0,89,0,28,0,0,12,65,0,0,0,0,85,90,17,50,32,0,0,0,5,31,73,36,57,0,68,0,0,0,87,0,0,60,83,46,0,0,0,99,14,0,0,0,89,14,0,0,0,58,0,77,73,51,32,59,66,9,0,0,0,0,43,0,0,80,62,0,0,60,0,39,0,73,40,0,0,0,89,45,0,0,0,30,0,67,0,92,0,68,0,0,36,0,22,0,0,0,73,0,27,84,79,0,75,0,0,18
122,8,0,0,81,20,0,68,33,55,59,0,0,0,0,0,0,0,37,0,0,97,0,37,0,0,0,0,0,16,3,0,0,0,0,23,0,9,48,44,0,0,0,33,78,73,43,50,58,90,48,8,0,0,0,0,22,51,0,94,0,0,81,0,0,52,0,9,29,82,0,93,0,71,53,68,0,0,32,0,0,0,0,0,100,0,0,63,20,79,0,82,100,0,39,37,0,0,67,72,0,85,60,0,0,0,69,0,80,79,0,0,86,0,50,89,35,0,83,0,6,0,0,0,0,0,0,0,66,50,0,0,0,79,0,0,0,63,0,0,0,68,0,0,0,0,96,98,0,69,0,7,0,0,0,4,0,0,44,64,0,0,31,25,5,0,33,0,0,65,8,12,22,0,23,0,19,98,6,30,24,0,93,0,0,0,61,0,2,0,0,0,0,74,0,73,0,0,0,88,67
123,94,42,0,0,62,0,5,84,91,0,0,0,0,0,99,70,26,0,0,0,0,45,0,0,0,58,14,0,66,0,33,25,87,17,0,89,11,44,0,0,0,0,0,36,92,90,0,0,52,0,0,0,0,0,0,0,69,0,47,41,0,0,43,0,18,0,62,26,5,90,13,0,0,34,0,40,78,0,0,99,0,57,16,8,23,2,23,0,0,33,0,23,22,0,17,0,0,43,0,0,89,35,3,45,56,0,0,0,0,0,0,0,87,96,12,0,42,0,0,0,57,0,78,0,77,0,99,0,26,0,68,34,33,0,0,0,71,0,53,0,93,0,20,0,0,0,89,17,100,0,0,0,0,13,2,53,0,0,48,78,0,72,31,72,20,5,34,39,9,12,0,23,9,90,42,100,0,0,0,0,9,7,76,64,91,0,17,0,19,0,0,0,0,0,0,0,75,0,25,30
124,61,0,77,0,0,0,0,43,0,0,0,0,0,0,0,51,0,0,0,83,71,0,0,0,50,0,0,17,0,54,58,21,19,59,0,32,62,62,67,0,62,95,63,0,0,2,0,0,0,27,74,0,0,0,20,0,0,0,80,0,0,89,0,0,0,70,0,0,0,0,54,0,34,15,0,10,20,0,99,0,70,2,81,1,99,0,62,0,31,93,13,0,14,0,0,0,12,0,90,39,72,0,65,9,29,31,12,91,0,98,0,46,0,0,0,45,0,40,71,56,0,0,0,0,0,0,50,0,0,0,40,0,61,75,0,47,0,51,0,95,72,0,0,0,15,0,94,55,85,0,18,0,12,0,38,0,31,71,45,93,18,99,21,29,0,46,35,0,97,0,0,70,7,72,0,0,62,42,9,61,67,0,0,95,25,70,80,0,0,29,0,74,82,96,0,26,80,0,0,22
125,35,0,81,4,47,60,91,25,82,0,0,0,39,31,76,0,36,31,94,89,48,0,0,5,2,0,8,70,0,0,56,41,0,0,0,93,0,95,79,31,30,0,0,32,82,0,0,0,50,0,86,15,0,0,0,31,0,4,81,61,11,46,0,10,51,0,78,47,0,0,49,71,0,83,5,0,41,86,0,0,0,45,3,0,25,0,0,10,0,6,79,95,22,0,53,4,0,99,9,23,0,0,85,0,0,0,18,55,0,12,0,48,0,0,46,3,0,0,0,79,0,0,52,39,0,0,0,42,0,0,45,53,0,79,0,81,57,27,0,51,0,0,59,0,0,3,85,0,46,5,0,12,49,0,0,33,0,0,65,0,7,79,23,77,0,26,0,0,0,37,0,23,0,0,0,0,0,0,0,0,39,0,0,37,84,17,90,54,89,0,0,0,0,90,80,0,0,5,0,21
126,0,0,32,0,42,8,36,0,15,0,14,0,0,0,23,66,0,40,74,0,35,76,0,52,0,4,65,0,0,0,0,0,33,0,0,0,0,0,8,89,89,30,73,0,0,0,0,37,0,0,0,0,95,41,0,0,67,69,78,0,43,7,7,0,29,68,0,0,43,57,47,62,0,7,0,13,46,0,0,31,54,0,9,0,0,0,0,48,82,0,83,0,0,22,29,0,66,0,22,0,0,0,44,0,87,0,0,15,3,0,30,65,0,0,0,61,0,0,45,0,0,0,0,0,80,0,0,28,79,49,60,36,0,0,85,0,0,0,0,29,9,0,0,44,0,99,51,79,59,10,0,75,3,15,41,60,73,9,29,0,0,80,0,0,0,81,25,0,0,0,0,46,0,0,51,0,64,0,0,20,0,81,64,0,0,0,0,0,0,45,65,92,36,45,24,0,13,0,8,0
127,24,67,8,77,0,0,67,0,23,16,0,0,39,0,0,46,0,94,54,0,0,54,88,96,0,50,31,0,0,63,74,8,0,6,0,18,0,8,75,0,9,13,0,0,0,0,0,0,0,0,0,67,0,2,0,94,51,0,69,0,0,0,0,0,0,44,67,91,0,2,0,65,93,78,0,0,0,99,60,92,0,40,67,0,0,4,90,34,22,87,54,0,46,98,74,10,0,0,0,0,21,65,44,19,0,0,0,0,0,59,0,97,0,6,68,0,16,64,0,0,0,0,0,0,95,43,33,0,0,70,93,12,49,0,0,60,0,67,0,22,84,65,0,48,0,26,0,0,0,0,0,0,28,8,0,0,37,0,0,0,50,71,84,0,12,0,37,0,0,0,33,52,0,51,0,0,62,57,0,4,0,0,18,0,0,0,0,0,0,0,0,0,0,0,51,43,0,44,55,0
128,0,0,21,72,0,18,0,83,38,0,62,0,0,14,0,0,91,0,15,0,0,4,0,0,0,0,3,0,91,0,29,0,74,0,0,0,34,97,6,0,91,42,0,83,83,0,43,32,32,0,0,0,0,0,0,0,87,45,0,0,0,66,0,97,43,33,62,1,0,0,48,84,90,18,29,81,41,21,0,0,0,0,43,88,0,34,0,86,33,48,22,0,28,17,2,0,61,58,0,92,85,43,0,0,27,47,40,62,91,0,32,0,0,0,0,0,0,0,19,78,0,37,0,89,4,36,0,93,0,93,0,49,0,0,86,0,0,42,51,8,96,0,0,0,86,0,0,82,30,66,92,0,0,0,0,0,0,83,91,0,10,56,0,0,0,54,68,0,48,80,0,86,43,0,0,17,61,34,0,57,82,88,0,0,79,0,36,0,0,0,49,32,66,83,0,0,82,0,7,0
129,0,0,10,12,48,3,15,12,73,0,0,0,78,32,96,60,58,0,55,0,0,0,0,68,87,0,0,0,41,62,0,0,11,0,31,36,89,0,32,87,63,56,46,0,4,62,52,0,93,0,92,0,0,68,0,0,0,53,0,0,53,84,0,0,0,0,0,0,78,53,24,50,0,34,87,74,0,0,0,0,9,3,98,87,23,0,0,0,67,0,0,0,17,24,0,0,16,100,0,88,0,63,0,42,89,51,10,47,0,0,0,94,0,68,0,44,0,0,0,0,0,90,70,0,0,84,58,98,56,0,0,10,0,42,0,0,0,0,95,0,0,0,0,99,0,8,14,0,93,64,52,76,0,34,87,0,0,94,0,67,0,0,0,63,0,0,39,50,0,0,51,0,0,9,2,87,0,32,0,0,56,0,35,1,0,0,0,0,0,51,0,0,0,7,22,80,100,63,0,84
130,22,0,46,0,0,0,0,0,35,0,0,0,12,47,70,0,66,0,0,14,3,0,0,0,24,0,0,0,0,0,0,0,0,55,0,81,74,7,48,0,0,0,0,0,48,86,48,54,52,3,0,8,34,1,0,0,44,0,74,27,0,100,0,0,48,0,76,61,18,56,0,0,5,0,0,15,0,85,26,0,0,0,0,44,11,11,0,0,0,0,33,52,65,0,40,37,77,0,0,0,82,0,0,3,50,0,0,0,0,0,56,72,0,0,0,0,99,0,0,0,0,0,0,2,66,0,27,55,26,0,0,90,99,46,0,0,10,61,100,81,0,0,19,62,27,0,0,31,72,82,0,74,0,11,0,0,52,0,0,0,0,42,0,21,0,64,19,0,0,42,14,55,19,35,38,55,2,0,0,11,0,75,0,0,0,85,41,0,62,0,0,18,0,0,0,68,0,7,77,100
131,0,81,87,40,48,26,25,87,0,99,0,0,0,22,0,0,60,0,0,71,0,0,0,45,0,0,100,5,42,82,0,27,38,0,89,68,0,0,36,0,0,0,0,92,0,0,51,42,0,25,0,0,27,0,0,0,0,0,14,91,0,0,91,8,31,0,10,0,0,34,0,0,29,78,4,0,0,0,0,5,0,0,0,20,0,0,0,0,0,39,0,19,84,0,0,91,0,0,0,0,16,20,0,0,4,0,0,25,0,0,0,0,0,0,0,44,80,75,0,0,47,32,0,72,0,92,88,1,1,0,15,0,0,0,29,100,64,0,0,93,15,0,0,79,0,55,30,54,1,67,0,0,0,0,0,69,36,32,0,0,38,40,7,95,99,7,53,63,0,0,28,0,79,0,71,31,0,71,52,43,13,0,40,0,0,0,45,48,72,0,0,0,11,74,0,0,0,86,42,3
132,48,0,41,17,87,0,0,0,0,0,0,0,0,0,0,0,87,3,95,0,72,0,0,0,6,7,68,35,0,45,0,0,94,0,61,0,0,0,28,0,10,0,0,60,0,0,0,0,0,0,0,25,0,0,56,73,7,58,78,31,96,50,40,65,0,12,6,0,0,0,13,0,96,0,72,0,0,0,90,0,0,42,13,11,0,27,59,0,76,0,95,0,19,0,0,0,0,0,0,51,0,0,0,0,0,39,87,0,4,79,62,3,35,0,0,0,29,0,99,64,33,74,0,8,8,0,14,67,79,88,0,64,0,59,71,45,29,0,27,82,84,0,33,34,84,83,96,35,0,0,0,0,0,0,30,0,72,0,12,62,64,0,15,0,0,46,0,37,0,0,98,44,0,0,0,0,0,0,83,56,45,0,0,0,5,0,0,0,0,0,0,15,0,0,0,59,0,0,56,10
133,0,55,0,0,63,42,41,0,0,0,0,0,53,58,0,64,0,0,60,0,0,86,0,0,0,78,70,98,72,0,0,71,80,0,82,0,73,0,27,0,56,88,0,76,12,24,0,78,0,32,0,8,69,0,26,21,19,0,0,9,88,0,6,60,0,96,69,0,46,0,44,50,4,77,0,0,46,0,55,0,5,0,79,0,67,76,57,97,0,17,0,33,0,0,66,0,62,66,99,68,0,76,0,0,12,0,0,65,56,33,0,0,58,0,83,0,95,26,84,89,0,0,0,0,10,91,0,0,99,0,0,88,0,0,53,0,66,0,0,19,0,32,14,0,86,100,70,80,94,32,0,0,0,18,23,42,39,65,0,50,59,79,0,98,0,0,34,0,23,1,32,36,0,0,0,24,0,0,89,0,42,23,17,0,55,7,7,0,83,0,0,0,69,0,8,0,55,19,81,0
134,24,67,0,5,89,0,0,0,0,0,84,0,0,12,10,34,0,84,0,0,87,0,0,0,0,0,75,52,0,17,0,0,0,86,42,19,0,0,46,0,41,0,50,74,80,8,0,94,18,47,0,0,0,98,0,0,0,0,14,20,0,21,0,61,33,36,60,0,0,0,75,85,0,0,0,0,28,0,6,0,0,53,27,78,0,8,0,74,80,0,98,0,0,0,87,69,0,73,0,81,26,99,0,34,0,0,39,55,19,99,0,0,0,0,0,0,0,89,0,52,31,48,0,19,0,72,77,73,0,50,0,64,95,47,0,27,0,29,0,0,0,45,59,0,38,77,0,79,0,0,46,7,86,11,30,0,44,6,0,0,87,0,63,0,0,0,0,0,0,0,0,92,67,99,0,0,0,50,0,93,0,0,88,27,13,63,0,69,0,15,0,80,0,0,33,0,0,99,0,0
135,0,0,0,13,0,93,90,0,30,74,0,0,94,37,0,0,12,92,65,0,0,0,0,52,0,49,97,61,3,0,0,100,0,3,0,36,79,72,0,29,0,0,92,0,34,0,0,0,0,19,50,0,0,83,0,0,19,0,96,84,67,57,0,0,0,71,0,58,0,0,63,0,81,0,98,0,22,0,40,4,48,84,40,0,69,0,4,16,26,32,0,21,84,90,0,0,0,0,0,0,98,0,0,0,10,45,0,52,76,8,0,0,44,0,17,0,0,44,87,77,0,0,79,21,66,0,0,0,45,32,43,7,0,65,71,0,8,0,0,0,0,0,0,0,86,76,0,43,0,0,39,33,0,47,0,0,0,0,0,0,0,0,0,39,0,0,0,85,0,39,19,0,0,0,0,0,0,98,5,37,22,40,54,0,0,77,76,0,0,42,32,18,87,0,0,21,7,0,76,0
136,0,0,0,38,0,0,0,93,0,0,0,0,34,80,0,76,0,98,12,0,0,4,0,0,0,2,65,69,76,12,0,36,60,0,99,0,0,22,68,46,3,83,13,0,0,10,0,15,0,0,12,0,0,0,0,69,0,0,0,0,65,0,0,0,0,43,47,26,86,17,82,0,0,85,0,37,0,0,35,0,0,0,28,80,0,0,0,0,0,69,0,94,0,0,65,56,69,59,0,55,0,0,0,0,0,0,44,0,0,0,0,32,52,36,51,92,0,0,0,0,43,0,39,0,4,32,0,49,0,0,0,0,9,71,0,37,0,0,0,73,0,0,0,12,0,0,0,0,0,47,12,0,71,0,0,0,0,26,84,0,67,86,0,0,14,0,6,53,0,72,0,40,0,33,17,12,4,0,0,95,95,46,0,0,0,0,0,74,1,0,33,6,0,0,33,0,0,0,16,68
137,34,0,48,0,31,52,44,0,0,0,3,0,0,26,70,88,27,65,0,0,30,49,16,0,85,0,0,0,0,0,0,0,0,57,0,46,78,16,0,0,0,63,0,15,0,27,0,63,37,0,0,56,67,0,0,0,78,75,0,0,23,65,0,0,44,0,33,38,0,0,0,16,0,0,0,98,60,0,16,0,17,35,29,16,22,24,7,0,28,69,0,0,0,9,85,16,53,0,82,0,26,88,14,24,0,0,0,43,0,0,10,79,89,95,89,56,77,0,0,0,30,35,0,0,0,7,73,0,0,53,0,5,0,87,20,51,0,0,29,46,0,0,0,0,0,0,58,0,7,0,0,0,0,0,0,85,7,77,39,78,23,90,0,0,0,87,4,100,0,0,60,0,82,0,63,0,0,0,9,5,33,23,0,44,0,0,0,0,0,43,8,34,0,0,90,62,28,0,37,29
138,63,89,78,74,75,80,0,0,54,0,97,0,80,0,0,0,69,0,36,0,0,0,0,81,64,0,91,0,0,63,0,0,82,78,0,0,0,47,0,0,56,0,0,0,0,0,0,38,63,5,32,0,0,16,0,95,61,0,0,0,0,0,0,0,100,0,0,52,81,21,0,0,0,0,96,80,0,62,0,85,0,0,55,58,0,0,0,0,87,0,0,44,51,0,0,0,42,92,50,66,0,0,0,62,38,1,0,0,0,14,47,0,53,0,3,0,62,0,81,87,0,0,0,0,80,40,0,0,0,0,0,18,92,0,7,40,0,0,0,0,0,0,0,16,96,0,0,32,0,47,16,95,3,32,0,0,82,0,66,0,0,100,0,0,49,41,29,72,8,0,56,12,79,0,0,0,0,0,44,3,0,0,18,0,70,0,0,0,84,0,0,59,0,30,0,0,0,41,0,12
139,0,0,0,0,0,55,82,0,0,0,0,0,0,87,51,10,0,42,0,22,0,79,49,42,0,0,90,20,14,78,0,0,59,43,0,45,0,0,55,54,0,0,76,0,0,0,28,0,66,0,0,76,0,0,17,77,86,0,13,79,0,0,67,0,0,92,0,0,0,94,8,0,0,35,0,73,0,79,24,0,27,0,51,0,1,0,0,18,0,22,0,64,0,54,0,0,0,32,10,100,17,0,0,29,0,0,0,83,0,31,97,31,0,27,78,0,0,0,0,17,0,24,36,0,0,41,38,0,4,0,0,4,37,19,0,100,50,0,0,0,40,91,0,75,72,0,6,0,0,30,0,0,0,0,0,0,73,29,26,0,9,0,0,0,0,0,0,0,22,0,16,11,0,0,66,0,83,0,50,0,0,0,0,59,0,85,98,10,0,98,8,45,0,0,0,91,72,80,75,60
140,0,0,0,0,0,0,0,58,0,82,56,0,0,0,41,57,0,31,0,0,21,0,3,46,11,58,17,58,0,100,0,69,19,93,35,53,0,70,0,0,42,0,0,0,51,15,79,0,31,62,69,0,92,0,0,43,0,71,0,97,0,0,88,35,0,38,0,52,0,0,75,82,0,25,97,0,29,5,66,0,90,0,56,0,0,79,0,33,73,0,48,0,50,0,0,33,6,0,49,56,0,0,74,61,0,3,0,0,36,0,0,77,85,43,0,0,26,83,83,0,0,65,0,0,0,0,14,0,0,94,79,0,87,48,0,25,69,16,0,62,0,20,0,0,0,0,0,0,13,0,24,0,62,90,0,0,53,0,60,0,0,79,0,4,0,0,73,98,0,4,0,82,34,0,0,61,0,0,91,0,58,0,9,0,0,89,95,0,88,22,82,0,64,65,0,98,0,0,59,18
141,10,0,0,96,0,98,0,0,0,0,13,0,0,0,0,93,0,81,9,68,0,0,6,37,0,0,0,38,82,90,0,0,17,52,0,0,0,99,94,0,0,0,0,76,41,55,0,72,12,99,0,0,18,0,90,14,74,0,13,10,0,40,0,75,91,0,95,0,2,67,0,0,0,24,0,0,0,12,0,0,21,19,93,0,0,0,31,0,38,48,70,0,0,46,8,57,0,12,0,0,12,0,83,0,0,86,33,54,0,66,0,0,0,82,90,0,1,51,31,100,42,62,58,0,92,0,0,0,0,90,0,44,0,0,64,0,0,86,95,0,5,0,97,0,6,0,87,0,32,55,0,0,0,98,0,56,26,64,66,0,0,0,0,0,7,24,0,0,0,91,83,0,0,86,20,76,35,0,0,0,94,0,0,4,0,2,15,33,0,63,93,8,0,0,0,42,0,0,0,0
142,0,0,0,0,21,0,0,92,0,86,0,0,100,24,0,16,0,0,0,0,97,91,0,58,0,4,0,0,100,0,32,93,0,0,10,86,0,82,0,100,0,0,97,0,0,17,0,0,76,0,0,5,0,27,31,72,77,24,0,83,0,0,0,68,0,0,76,0,83,62,55,8,0,94,44,36,25,0,0,80,59,2,41,0,0,0,92,69,0,0,78,88,43,0,0,79,49,77,0,3,85,80,0,0,7,94,0,46,44,0,0,0,0,0,33,80,0,0,99,0,38,12,4,0,13,89,74,0,0,0,27,0,15,94,98,0,0,0,0,71,0,83,0,0,11,21,9,0,29,0,0,0,4,0,34,0,37,0,0,22,0,19,0,0,51,0,49,29,0,24,0,0,16,75,0,0,51,59,0,95,79,91,0,0,46,0,0,28,42,0,0,52,0,23,49,0,35,0,0,63
143,0,0,62,11,0,0,0,3,71,0,0,0,0,67,88,37,3,0,12,0,21,40,0,68,94,73,0,76,52,12,33,0,0,0,0,21,0,0,6,0,7,0,0,25,18,0,0,0,0,41,0,73,22,0,16,0,99,20,0,78,96,84,82,0,0,89,82,68,0,0,0,0,0,0,33,21,0,25,78,0,48,0,29,0,64,0,0,0,0,17,0,85,13,0,0,2,45,0,0,0,0,98,86,57,14,41,0,41,76,0,0,71,0,70,88,39,2,18,69,0,0,0,89,0,0,0,0,58,0,0,0,0,0,78,14,10,35,3,0,96,90,0,49,0,6,0,0,67,23,0,0,44,52,0,78,56,55,93,0,0,99,0,0,45,11,0,0,8,0,0,100,67,0,0,0,0,37,0,0,98,0,1,58,0,0,93,0,0,0,93,9,71,81,0,0,43,0,2,0,0
144,38,0,13,0,0,0,69,0,0,41,47,0,38,0,0,25,0,0,0,0,5,32,5,0,49,25,0,0,20,40,10,0,78,52,0,17,26,38,0,48,0,12,0,8,0,0,0,0,83,0,40,77,0,76,0,79,15,80,51,42,0,0,0,15,0,59,0,0,0,0,0,16,71,98,40,0,0,10,82,0,0,0,8,47,0,64,45,0,80,0,94,0,9,0,80,70,0,0,22,14,0,73,6,0,13,0,0,0,0,95,16,92,0,0,24,0,0,0,10,29,77,0,74,0,0,11,0,0,0,0,0,75,28,63,0,42,15,4,0,0,61,0,93,2,0,28,69,33,0,38,36,0,0,47,61,55,19,0,14,0,0,0,12,0,0,0,77,0,39,78,40,0,0,95,0,0,0,34,7,0,17,47,0,0,0,0,88,71,30,0,0,41,84,24,0,0,11,0,10,0
145,33,0,35,0,0,0,29,0,0,0,46,0,65,0,73,62,0,68,0,0,0,77,93,64,56,81,0,0,0,39,86,0,0,86,0,0,0,0,59,9,0,0,0,0,0,63,0,5,0,87,70,96,0,0,0,95,0,0,40,27,0,0,56,0,55,39,0,77,0,0,0,0,0,0,82,0,0,0,30,0,0,92,0,65,0,83,0,69,0,98,0,26,8,0,30,0,0,34,0,51,72,0,0,12,0,0,75,70,59,0,0,0,80,0,0,0,0,7,44,0,0,64,66,27,0,48,0,78,0,0,0,86,0,35,0,80,57,0,0,33,5,0,0,0,0,0,47,0,6,0,0,7,0,63,0,0,0,55,60,69,48,0,0,0,0,65,0,0,14,25,22,7,0,33,38,41,0,23,0,0,79,0,44,81,85,39,0,0,0,0,0,0,0,0,0,0,59,0,0,0
146,0,0,19,0,38,16,0,0,0,76,58,0,88,0,0,71,0,35,89,46,76,72,0,0,36,0,0,19,0,0,0,42,0,88,60,51,56,0,52,13,97,31,86,0,43,0,21,0,7,54,0,0,0,34,78,0,97,50,24,0,14,86,7,9,77,59,0,0,0,7,0,3,38,0,81,0,0,23,8,30,0,0,0,7,0,63,26,2,0,58,33,0,66,0,61,0,47,7,0,70,21,0,0,49,36,0,16,0,33,0,84,58,53,19,0,26,0,0,39,63,64,0,33,7,87,0,90,0,89,0,0,0,0,12,0,65,97,84,37,87,0,0,0,0,0,52,0,0,0,0,0,54,0,78,0,75,0,0,74,0,83,94,71,55,37,0,0,0,0,0,0,96,78,60,84,26,0,0,0,0,0,0,0,0,92,7,0,75,42,46,0,0,93,57,0,0,0,54,0,0
147,63,0,19,0,0,0,76,0,0,49,6,0,0,0,99,67,0,28,0,0,51,44,0,20,0,4,3,0,25,45,30,0,0,0,12,0,0,79,88,65,0,15,48,8,0,61,62,0,57,87,6,0,28,63,25,0,95,17,0,0,0,58,47,23,0,28,0,78,0,9,40,0,91,0,0,0,0,0,84,54,19,0,53,70,55,83,0,0,70,0,0,0,67,0,0,20,0,100,92,46,69,0,0,0,0,19,0,0,0,89,14,0,0,45,0,0,0,0,80,0,0,51,93,0,0,0,0,0,88,0,0,46,0,76,80,66,87,53,84,49,2,80,0,50,0,0,0,0,0,87,79,22,1,10,0,3,0,74,18,42,50,0,0,85,98,10,0,67,59,7,0,0,0,17,0,0,92,0,90,0,20,5,72,0,0,56,88,25,0,0,0,0,0,97,0,0,47,0,0,85
148,8,0,38,58,0,0,23,73,0,0,82,0,0,0,0,99,0,0,0,80,92,14,18,0,0,0,0,0,69,0,61,0,70,0,0,0,0,62,40,0,0,5,50,0,21,50,0,0,23,20,0,97,80,16,67,45,0,0,0,91,26,99,81,0,1,76,36,22,0,40,0,4,0,59,63,0,86,0,82,64,0,83,43,55,0,89,26,57,57,13,27,1,0,68,0,75,65,49,82,48,0,94,0,97,82,0,0,38,0,33,87,34,0,0,0,0,20,93,0,0,0,49,0,91,64,61,0,94,0,0,50,0,0,0,0,0,0,60,91,13,47,67,0,82,63,51,97,11,0,0,99,62,0,0,44,0,0,97,0,2,18,0,89,58,0,0,95,0,44,0,0,67,14,0,20,0,0,76,0,0,41,66,82,0,0,0,48,27,47,93,0,0,0,0,43,32,89,69,0,0
149,0,95,12,0,0,73,0,71,68,24,73,0,0,82,0,87,79,53,0,0,57,21,0,0,0,0,0,85,0,0,91,100,0,0,0,60,78,1,0,0,0,0,39,86,11,0,0,0,75,67,57,40,0,0,67,63,9,0,19,56,50,8,0,0,0,69,59,0,99,6,0,0,0,92,19,62,0,28,0,23,0,0,0,91,87,0,58,45,40,0,0,79,0,0,54,42,96,89,0,0,56,0,50,44,0,68,72,0,87,4,51,78,83,62,0,33,0,0,5,98,54,0,0,0,0,94,54,0,11,0,0,94,31,0,88,0,81,0,0,0,0,59,0,25,71,38,38,0,1,0,24,12,26,0,0,0,0,8,0,9,79,0,13,33,93,0,0,0,0,14,61,0,26,53,0,0,92,73,46,16,0,0,6,0,0,0,10,0,20,0,0,0,0,91,39,79,35,39,63,0
150,32,81,86,22,100,0,7,0,0,0,0,0,0,14,0,0,21,0,0,0,4,23,22,29,73,0,0,0,0,0,0,97,0,0,0,0,0,24,0,0,50,25,98,0,85,0,52,0,0,0,0,83,0,66,3,73,0,57,0,0,78,38,0,51,11,0,94,39,78,30,0,71,0,6,0,97,3,56,79,0,0,0,0,0,0,44,57,5,27,55,2,0,14,0,77,0,71,68,0,0,76,0,50,16,0,0,0,52,0,0,0,81,0,0,11,6,0,51,0,0,41,0,0,54,21,0,97,60,0,93,0,20,0,4,7,0,0,0,0,60,0,0,0,0,26,100,10,34,0,0,0,0,89,54,0,0,0,44,31,63,67,34,0,7,0,0,0,0,33,0,25,0,0,53,98,44,0,0,0,84,46,0,49,22,0,0,0,65,0,0,0,0,38,54,23,100,55,73,0,97
151,0,77,0,0,27,0,4,0,0,55,51,0,0,0,73,0,0,42,60,89,32,11,87,0,97,75,0,94,0,0,0,88,82,0,96,0,90,44,18,77,57,0,0,0,3,25,0,0,0,35,0,66,1,0,38,0,0,0,0,50,99,53,0,3,0,90,0,74,80,0,46,0,11,0,93,0,32,0,0,0,22,0,80,0,56,0,22,0,81,16,0,0,14,0,98,0,0,75,24,50,0,64,0,0,0,0,4,0,0,45,63,0,48,0,0,81,81,0,34,41,15,0,0,0,0,24,0,0,20,0,0,0,0,0,0,63,0,0,0,0,0,0,99,23,72,77,0,0,0,44,0,0,0,0,0,0,0,0,0,96,31,7,3,0,0,81,0,66,92,13,95,0,0,0,2,81,47,26,0,92,0,88,32,0,0,0,45,20,0,2,0,0,0,41,52,61,82,0,75,0
152,0,82,98,0,34,84,40,89,70,59,10,0,46,0,56,0,0,77,0,25,0,0,74,0,0,23,30,0,0,45,74,17,52,1,0,23,0,0,0,0,0,49,82,53,73,78,0,58,34,16,98,0,0,22,22,0,0,0,47,0,51,32,0,38,90,0,0,1,83,22,10,86,18,65,0,6,44,57,0,80,0,29,0,52,3,83,93,9,0,0,0,88,0,97,0,0,0,1,0,24,0,14,0,0,20,46,0,20,0,0,31,0,68,0,0,88,0,90,0,0,0,88,87,0,0,0,87,60,86,0,83,42,0,0,0,0,0,0,1,0,0,68,30,66,0,85,63,0,0,70,0,0,0,0,91,26,0,0,35,0,0,67,0,0,0,3,0,100,0,55,8,0,84,0,90,0,0,0,0,87,0,0,19,49,83,34,0,14,0,83,0,31,73,35,0,0,73,94,35,0
153,46,0,23,71,82,58,0,2,88,0,0,0,0,0,77,0,4,4,0,0,32,0,0,65,56,0,0,0,47,0,67,39,42,0,0,21,0,97,84,0,50,26,0,59,24,0,0,85,84,46,0,0,70,35,0,49,0,72,0,61,0,0,0,0,0,23,0,0,0,0,6,0,38,0,0,0,17,0,68,0,55,0,54,0,0,0,0,0,0,24,52,61,0,36,44,86,56,0,0,7,41,84,23,0,72,0,1,30,0,29,0,84,0,82,83,91,0,0,0,30,0,48,0,60,34,0,70,24,60,0,0,0,27,89,29,0,85,0,15,24,0,41,0,77,0,10,84,0,0,0,72,0,0,0,0,52,39,0,0,98,0,0,0,0,50,24,0,0,0,30,46,0,86,73,0,0,0,0,0,0,0,0,0,0,0,0,0,0,35,77,0,0,82,36,34,29,0,0,0,0
154,89,0,57,0,0,49,0,98,0,0,43,0,0,0,11,82,1,58,0,23,0,0,36,0,10,0,73,0,0,0,0,0,0,0,0,26,0,15,0,26,21,38,0,68,68,0,0,66,0,83,0,0,10,0,63,22,0,0,0,0,22,25,55,91,6,0,0,0,0,0,64,27,0,0,0,45,10,0,78,0,27,87,0,9,11,0,95,76,16,0,26,44,0,0,90,0,0,80,86,0,0,0,10,57,59,0,0,5,51,0,56,35,27,0,28,0,5,0,0,0,0,0,19,99,45,57,19,0,18,44,67,22,65,0,73,0,85,0,0,90,4,0,72,48,65,0,0,17,51,0,73,0,95,78,0,55,0,0,0,0,0,0,0,50,0,92,56,0,0,0,0,0,0,86,40,23,90,0,70,0,0,0,0,92,0,0,34,21,16,29,0,19,4,0,0,0,87,0,48,0
155,0,29,9,0,76,0,0,0,11,0,46,0,0,90,0,62,42,0,0,22,63,0,0,0,0,0,0,0,46,75,0,0,53,0,0,0,87,70,83,0,0,0,24,0,0,0,0,31,46,0,0,36,0,18,27,98,0,0,0,0,0,0,26,0,91,97,0,89,87,14,70,0,0,0,59,0,80,0,96,98,77,81,3,0,0,0,0,0,75,35,24,56,0,0,0,88,86,1,0,0,61,23,0,27,0,31,55,10,1,0,85,96,0,0,0,28,0,38,0,0,0,0,71,0,0,0,0,10,0,18,92,33,0,0,55,42,4,0,99,0,21,0,93,7,0,0,0,0,0,66,63,0,0,96,0,0,54,0,47,49,6,0,0,11,0,41,21,0,0,60,0,0,46,96,0,43,0,0,2,95,88,10,29,64,0,34,0,0,0,0,0,0,0,37,96,0,0,15,0,0
156,0,0,68,82,0,51,70,0,0,0,0,0,0,90,0,0,39,0,0,0,0,0,47,1,78,0,0,72,0,15,0,85,95,0,0,0,55,49,12,0,39,32,0,0,0,0,63,43,0,0,43,97,14,8,16,27,0,20,92,0,0,94,0,5,68,0,21,0,2,0,99,49,0,81,88,0,0,0,66,0,0,0,0,0,0,44,66,0,35,64,0,98,54,0,1,76,0,0,33,0,0,29,23,83,0,47,0,68,25,0,0,0,0,62,48,0,0,11,43,82,78,18,0,61,0,0,0,92,49,0,0,0,97,0,0,0,0,0,13,0,73,0,7,75,9,59,60,73,89,77,0,0,0,93,0,96,0,0,41,0,66,58,0,53,30,0,0,0,33,0,0,0,99,0,3,17,0,0,5,15,83,0,0,0,0,1,0,0,0,94,0,96,84,78,0,93,70,39,49,71
157,6,72,0,0,46,52,69,16,0,43,85,0,0,0,84,0,46,54,0,48,0,0,53,0,0,10,61,22,11,49,84,52,0,0,0,0,93,38,93,0,43,0,51,0,0,76,0,73,0,8,0,77,0,99,0,0,0,61,92,16,0,85,0,35,0,0,75,0,90,52,0,16,61,0,61,0,0,11,0,96,0,0,44,0,91,0,8,48,0,0,67,0,84,0,0,0,50,63,0,46,90,35,0,62,12,0,0,46,19,91,0,0,0,0,0,98,0,28,36,6,0,0,0,0,0,0,10,4,82,0,50,44,93,0,93,0,0,0,25,0,36,2,4,0,0,53,0,0,57,87,0,0,11,57,0,93,37,0,0,0,0,0,0,72,56,0,0,0,0,91,0,0,0,0,41,0,0,0,0,14,0,0,0,0,95,0,21,0,32,95,0,4,0,18,0,75,14,0,0,52
158,0,85,0,36,0,61,69,30,11,55,0,0,0,0,93,0,0,48,0,30,82,74,36,29,93,0,72,0,0,0,0,43,0,72,56,91,0,0,0,0,28,0,46,66,0,60,37,0,64,0,0,84,41,0,0,0,89,75,0,6,0,36,75,44,87,15,72,0,0,40,0,85,25,55,74,51,19,19,92,0,0,0,15,90,46,0,0,25,73,0,54,19,0,0,17,2,67,0,56,0,0,0,0,0,47,55,0,91,48,63,0,0,0,20,0,82,29,0,25,0,0,99,0,0,70,20,0,0,9,37,0,0,94,49,0,0,75,0,24,0,0,31,65,68,0,73,41,0,85,0,0,0,0,0,0,0,0,0,0,0,87,0,0,75,8,0,51,0,81,50,0,17,0,0,0,96,31,0,0,0,63,45,97,64,0,0,20,0,0,0,0,38,0,90,17,0,0,0,78,15
159,0,78,90,82,0,76,57,0,96,31,11,0,0,0,87,0,66,0,0,0,0,0,64,0,95,0,38,0,24,59,89,0,0,0,0,0,0,0,0,0,76,0,42,0,0,0,0,0,0,0,0,0,0,45,75,63,48,0,0,5,63,91,36,0,82,13,9,17,63,0,99,0,29,83,75,0,57,0,18,0,50,1,0,32,45,26,78,0,96,0,6,54,5,0,0,3,63,82,0,1,66,0,83,0,0,99,0,0,0,88,0,0,0,0,68,0,0,49,0,61,81,16,0,19,0,0,0,94,80,12,0,95,0,0,53,70,32,0,84,0,0,12,0,0,71,0,0,25,0,0,0,58,64,0,9,0,0,77,34,0,0,95,0,11,0,23,24,54,7,94,96,0,0,98,0,0,0,0,20,24,80,100,35,0,60,0,32,0,0,52,42,0,0,67,25,100,76,0,52,0
160,0,65,44,75,92,85,79,0,0,0,0,0,0,0,0,0,0,77,0,65,82,0,57,0,0,0,0,57,80,12,48,21,0,97,35,28,0,0,43,0,0,0,0,39,0,0,0,57,15,0,0,0,0,0,36,0,0,0,47,0,45,0,0,0,61,28,0,31,0,0,0,65,89,45,0,95,0,54,0,24,31,0,40,0,22,41,0,59,0,82,5,0,59,9,64,0,13,75,39,86,88,0,28,12,67,46,46,0,0,0,3,5,0,0,0,0,0,0,62,0,0,85,0,51,28,0,0,0,61,0,0,0,0,41,92,0,35,0,0,5,51,0,0,41,0,0,0,0,1,0,52,56,14,66,0,48,0,0,0,0,0,28,0,0,30,0,0,28,0,91,31,0,48,0,6,50,40,82,0,0,24,0,63,0,41,35,61,67,82,97,39,58,24,89,0,0,0,0,3,54
161,65,66,0,35,77,0,0,71,84,100,66,0,0,0,0,0,0,11,15,0,33,13,53,0,0,13,0,0,44,40,81,0,0,50,9,80,31,34,0,54,0,0,0,0,98,41,0,75,0,35,51,0,0,0,0,0,0,72,0,89,19,0,87,0,0,71,0,0,0,82,70,0,43,0,0,0,98,0,0,0,51,38,0,0,98,0,28,27,78,0,0,0,58,0,53,95,99,0,0,94,0,31,0,29,24,0,32,40,0,0,86,0,56,0,47,0,54,0,12,24,82,0,0,0,31,0,44,36,0,28,0,0,33,73,28,0,0,86,85,0,62,36,0,0,0,0,0,43,0,55,0,44,69,8,66,0,36,0,0,0,0,0,54,28,87,55,88,0,83,0,12,60,58,0,0,68,41,0,0,2,30,0,0,46,0,84,0,91,0,0,0,0,77,46,55,70,9,50,48,0
162,50,0,0,58,0,0,0,18,13,0,29,0,0,0,43,0,38,82,0,0,0,0,0,0,65,49,0,7,72,0,36,0,0,0,25,1,0,33,13,96,0,31,0,1,0,0,0,87,0,0,98,0,43,0,46,98,78,43,0,86,20,6,0,4,25,51,93,0,0,0,69,0,42,82,0,0,47,26,59,0,0,0,0,0,56,0,86,0,0,0,4,7,35,0,0,15,0,0,18,0,15,88,0,92,11,0,43,0,0,0,61,0,0,0,0,9,0,22,0,0,20,0,72,0,95,98,63,25,20,7,0,0,0,8,91,0,83,77,42,0,0,56,0,0,0,0,50,0,1,2,0,0,0,0,0,0,10,0,33,0,0,0,0,0,80,80,0,0,0,0,2,0,43,0,0,44,0,55,0,0,0,64,0,24,51,0,0,8,20,92,0,0,0,61,48,0,25,35,5,0
163,26,0,14,20,0,30,98,57,0,43,0,0,0,0,84,0,96,0,0,56,67,0,0,0,69,0,0,20,80,0,0,74,83,53,16,0,0,0,47,0,42,0,0,98,57,49,64,0,99,99,0,0,31,0,0,0,33,87,0,0,0,12,13,0,0,30,0,0,0,65,0,0,55,16,85,92,98,0,82,75,0,96,93,0,0,0,0,66,9,0,100,0,39,0,64,0,88,0,0,83,0,0,40,82,0,58,92,36,65,64,57,0,0,0,41,89,0,73,33,0,0,83,0,28,0,53,0,76,0,0,0,0,0,46,0,0,24,19,0,16,0,0,3,0,0,0,0,78,0,54,57,0,74,78,29,0,0,0,0,88,0,60,34,0,96,97,53,0,82,57,63,0,0,42,23,0,80,0,0,19,10,98,41,0,0,0,89,0,75,0,0,15,0,64,18,10,62,1,80,21
164,94,46,83,45,0,38,15,0,0,17,37,0,0,1,32,0,0,0,2,0,0,0,0,98,0,73,21,0,54,0,88,85,99,19,0,66,0,6,47,0,70,0,7,73,56,75,79,26,91,64,31,24,0,0,4,78,0,86,38,44,5,27,0,99,0,0,0,7,21,0,24,0,0,29,36,42,0,22,0,0,13,0,9,0,25,0,57,2,0,20,58,22,0,0,46,0,92,0,70,94,0,70,0,33,0,41,66,61,3,0,0,3,16,0,0,0,88,0,46,21,0,0,0,46,86,38,19,45,0,0,39,99,0,0,67,0,0,44,0,0,0,90,0,0,0,0,14,14,0,9,0,0,19,0,87,8,0,0,0,35,0,0,16,0,0,37,70,0,0,26,0,0,0,64,73,21,18,0,0,0,86,0,22,31,0,0,0,0,0,0,0,0,0,40,25,97,54,0,0,89
165,46,0,0,89,49,0,0,81,67,0,0,0,0,30,0,0,0,37,7,0,0,0,60,79,0,0,0,5,0,30,0,2,0,0,4,43,0,23,0,0,98,16,42,87,48,0,0,61,0,40,10,0,0,79,0,5,93,39,13,0,0,0,0,26,2,0,0,5,82,51,47,75,0,30,0,0,0,5,0,0,53,0,1,0,0,86,0,0,0,12,0,54,89,0,0,0,0,82,0,48,58,0,52,97,0,20,0,33,54,61,83,0,0,0,0,73,9,90,0,62,0,61,24,10,0,50,67,0,0,0,0,0,85,0,47,0,96,0,0,0,0,0,12,0,0,1,0,97,0,0,0,58,0,55,61,45,28,73,0,0,0,9,0,0,44,0,0,0,77,4,58,37,15,0,32,0,0,0,92,81,71,91,55,0,33,0,47,25,0,64,0,14,26,0,0,81,0,0,62,51
166,21,0,72,13,97,52,12,10,0,50,23,0,59,0,29,0,0,0,0,34,54,85,0,98,0,0,74,0,0,0,14,85,0,0,32,30,0,0,60,95,0,0,38,0,10,71,0,68,0,66,92,0,39,0,49,0,0,0,63,41,0,0,9,0,0,87,0,61,92,91,82,4,0,3,86,0,31,16,63,51,52,0,28,72,0,0,0,0,0,48,0,0,0,0,95,0,36,31,0,82,14,0,82,0,0,63,0,66,0,88,0,5,0,78,13,0,75,61,0,0,45,0,0,10,0,91,79,30,81,68,0,0,2,0,43,0,22,64,22,0,42,90,85,99,0,0,0,0,8,9,0,49,86,0,0,15,0,84,0,0,12,0,65,0,0,0,0,72,37,0,91,0,0,0,35,0,0,27,25,0,70,0,0,0,0,46,0,0,0,0,11,52,0,35,0,0,0,70,0,97
167,99,32,27,38,93,70,6,0,0,0,88,0,0,12,0,0,55,0,61,0,0,35,0,39,0,0,0,74,23,9,21,0,36,0,29,0,88,58,89,43,41,0,0,0,0,0,97,68,0,0,91,0,0,46,0,89,0,79,0,0,86,0,0,0,69,74,24,0,0,23,75,22,86,0,14,0,67,3,0,26,0,61,0,85,0,32,43,0,19,0,24,0,10,0,66,0,0,85,4,0,0,4,65,0,0,65,0,0,0,0,0,0,0,38,56,0,0,0,0,0,0,0,38,0,78,0,0,0,0,0,0,3,0,1,0,0,97,0,8,0,79,0,0,0,0,25,0,44,83,0,72,23,29,19,54,0,0,0,62,0,0,58,0,63,88,92,0,0,60,0,0,0,0,0,54,29,0,18,0,0,29,85,0,4,80,83,22,46,98,0,0,0,0,89,0,0,49,0,58,13
168,12,35,0,40,58,0,25,0,48,0,22,0,0,0,96,0,44,0,59,0,93,6,12,0,0,0,0,0,37,22,44,47,86,63,0,87,75,64,0,0,0,0,0,0,0,0,85,0,28,0,0,75,0,7,86,77,99,78,22,94,23,90,0,0,0,8,0,65,0,13,56,11,0,0,95,1,0,0,0,0,0,54,100,0,94,85,0,0,14,55,34,9,70,0,0,93,0,32,0,96,0,41,0,91,69,4,0,0,0,80,68,0,0,0,0,0,0,0,4,83,24,0,0,0,0,0,34,0,0,83,0,93,52,30,66,0,47,0,26,77,38,0,0,32,57,90,0,56,60,28,11,16,93,0,0,88,0,58,72,7,0,69,0,0,0,62,27,80,0,62,87,88,84,0,0,100,69,54,58,0,95,0,0,22,0,0,26,0,80,58,30,0,88,26,0,45,81,80,0,88
169,70,0,79,53,22,14,21,0,0,0,0,0,62,0,0,0,0,0,0,63,0,75,47,64,0,0,22,0,0,0,81,69,64,0,0,0,90,0,0,97,51,0,0,0,0,26,0,0,0,0,12,14,41,0,12,60,97,0,6,0,0,84,0,0,0,20,0,52,48,62,59,48,76,74,97,3,25,92,0,40,36,75,0,60,0,0,0,0,0,48,10,0,0,39,11,0,0,6,27,6,62,66,0,17,32,92,0,67,13,0,8,0,72,88,0,0,0,0,0,48,94,86,0,0,0,0,9,8,0,0,0,78,0,91,0,0,44,60,0,0,18,0,30,0,0,0,29,0,0,0,0,0,0,0,45,30,0,80,0,44,47,0,69,0,90,0,65,0,58,0,82,25,38,0,0,0,62,15,13,0,0,23,76,8,97,22,0,0,0,0,0,66,0,0,78,0,0,0,0,31
170,33,88,0,0,87,0,9,0,0,0,0,0,97,74,29,71,92,0,50,0,0,83,84,0,0,0,47,0,0,15,0,0,45,0,49,87,0,12,0,50,6,0,0,0,0,0,0,0,0,0,0,97,0,0,92,0,3,93,6,0,0,0,70,18,0,28,0,0,89,0,0,0,0,0,0,88,0,0,0,0,0,0,85,29,0,47,0,0,0,82,49,0,0,0,82,0,20,0,0,0,0,0,0,0,0,0,11,0,0,0,21,76,67,91,4,0,0,0,89,0,0,0,0,38,95,21,76,48,0,74,72,93,0,0,0,0,92,0,32,0,89,63,0,0,24,25,0,55,0,98,85,91,43,75,81,64,84,17,74,91,98,0,0,0,77,43,38,0,0,0,0,57,0,0,43,0,0,0,66,64,0,80,0,0,0,8,0,75,0,0,0,14,0,51,60,0,73,0,29,0
171,0,32,0,89,0,0,0,0,0,48,0,0,61,0,58,81,52,0,0,18,0,0,91,85,0,0,0,0,36,28,0,42,0,54,0,78,0,60,0,0,0,0,43,0,5,36,0,0,0,0,0,96,66,99,81,0,0,0,0,0,16,36,0,60,0,0,0,0,0,51,0,0,0,0,45,0,0,13,54,68,0,0,25,0,0,88,0,0,0,0,0,0,99,0,68,0,37,0,0,0,0,48,0,16,74,0,0,0,67,24,25,0,44,88,0,44,0,59,94,48,0,0,0,0,0,0,84,0,0,0,0,0,0,0,63,52,0,0,0,0,0,84,0,0,0,50,13,0,0,80,0,88,0,89,0,87,0,0,0,21,0,0,0,64,0,0,51,0,0,90,7,0,74,92,0,8,0,0,0,61,0,0,62,0,0,0,0,0,56,49,0,0,0,37,38,22,0,0,37,30
172,9,0,68,19,0,91,22,0,0,0,0,0,25,86,8,32,0,0,20,41,20,0,0,0,60,38,98,0,0,0,0,85,0,0,0,52,0,92,24,57,0,0,8,0,0,21,42,82,0,0,0,0,58,0,87,0,0,0,0,28,0,16,27,8,64,0,32,0,5,18,0,0,0,27,0,0,48,75,0,0,0,0,88,0,0,27,0,0,5,16,0,28,18,0,53,0,0,69,0,0,67,66,89,0,0,0,0,38,39,0,32,0,70,0,0,99,9,0,2,0,100,0,0,8,33,68,86,0,56,16,0,0,0,4,0,57,38,0,98,28,0,62,32,43,7,46,0,0,81,0,0,0,44,0,0,0,0,0,0,0,0,25,91,0,15,0,3,26,0,18,0,44,0,0,28,0,72,23,57,0,52,0,37,0,0,51,71,0,0,19,0,93,0,91,0,0,17,13,0,0
173,0,81,76,60,15,29,0,0,0,0,0,0,70,43,0,24,0,17,24,18,13,0,0,0,0,0,46,0,0,96,0,0,0,69,0,29,0,0,0,0,0,43,0,0,96,0,76,76,0,18,88,32,0,74,54,0,56,0,77,53,8,0,62,99,0,72,0,51,0,7,71,89,86,42,0,32,82,22,0,0,53,96,0,57,80,5,27,0,0,33,0,0,63,95,0,0,10,0,58,0,23,58,61,0,26,0,0,0,69,0,0,0,0,34,55,0,0,96,53,71,0,65,32,0,82,68,0,0,91,44,71,0,0,0,0,0,0,0,0,12,73,1,3,0,0,0,65,37,82,0,0,11,54,0,81,0,0,0,0,0,20,0,0,10,83,16,73,0,14,0,0,7,0,0,84,0,5,0,0,0,32,0,0,50,25,0,0,0,0,53,0,1,0,0,76,0,0,69,0,0
174,0,84,84,71,37,0,0,59,0,0,0,0,65,0,72,4,57,0,0,0,0,0,0,0,89,0,0,16,0,34,0,29,0,0,26,0,0,0,0,17,0,100,32,49,37,0,0,0,0,0,0,19,0,0,20,24,26,50,40,0,32,0,99,13,0,0,0,27,0,100,0,17,0,63,55,87,0,0,0,31,0,40,23,61,8,84,45,0,0,35,0,0,0,0,81,45,50,82,73,54,0,0,0,63,27,0,60,65,61,0,0,90,2,0,0,81,48,0,52,30,68,2,52,70,59,0,73,97,0,0,21,73,99,65,0,44,2,71,37,80,76,24,51,0,36,0,0,0,0,6,0,0,74,0,59,0,76,15,94,43,72,98,0,66,0,45,50,0,0,0,35,0,82,39,0,36,0,1,88,29,0,43,12,0,20,0,51,71,42,75,69,49,0,0,59,19,0,0,0,17
175,0,0,49,0,95,47,0,30,2,0,25,0,0,0,44,0,17,0,0,93,49,0,0,72,0,25,0,0,81,53,12,98,0,0,4,0,0,0,0,0,90,69,0,94,71,0,93,0,42,0,0,13,48,57,96,82,31,0,38,0,74,0,20,98,0,23,96,0,62,0,0,0,64,0,0,73,0,0,0,0,58,0,63,55,0,0,100,52,0,49,8,47,9,0,34,0,0,0,0,38,0,0,34,10,25,0,6,42,81,80,0,93,0,66,50,84,69,0,0,0,83,31,45,89,64,0,0,90,0,85,0,0,55,0,53,0,0,7,0,50,62,74,0,100,0,0,69,0,32,0,0,0,0,66,51,94,85,0,0,79,0,51,66,0,0,0,93,86,29,92,0,63,72,0,0,0,25,0,0,18,0,0,14,0,81,18,1,91,0,0,0,34,6,12,20,0,94,21,0,24
176,0,0,0,0,0,0,0,0,0,0,0,0,0,0,0,0,0,0,0,0,0,0,0,0,0,0,0,0,0,0,0,0,0,0,0,0,0,0,0,0,0,0,0,0,0,0,0,0,0,0,0,0,0,0,0,0,0,0,0,0,0,0,0,0,0,0,0,0,0,0,0,0,0,0,0,0,0,0,0,0,0,0,0,0,0,0,0,0,0,0,0,0,0,0,0,0,0,0,0,0,0,0,0,0,0,0,0,0,0,0,0,0,0,0,0,0,0,0,0,0,0,0,0,0,0,0,0,0,0,0,0,0,0,0,0,0,0,0,0,0,0,0,0,0,0,0,0,0,0,0,0,0,0,0,0,0,0,0,0,0,0,0,0,0,0,0,0,0,0,0,0,0,0,0,0,0,0,0,0,0,0,0,0,0,0,0,0,0,0,0,0,0,0,0,0,0,0,0,0,0
177,84,0,0,40,0,81,0,53,29,87,0,0,69,39,0,0,15,66,0,0,0,0,0,93,0,43,10,0,76,70,0,0,0,0,0,0,0,47,0,0,0,0,30,0,33,0,0,9,13,0,0,88,40,0,79,0,14,0,34,0,26,0,0,0,65,0,31,66,73,0,58,62,0,6,51,76,60,0,0,0,0,0,0,96,47,0,97,2,0,0,0,48,80,0,56,18,0,0,0,0,12,85,0,82,0,97,57,0,74,79,0,51,37,0,44,0,0,0,0,0,0,32,46,56,88,0,0,41,0,0,76,22,33,33,20,52,0,13,0,58,0,11,0,0,32,61,0,18,38,88,59,80,0,13,43,0,0,0,22,36,15,5,49,84,0,0,0,45,62,0,92,0,18,17,70,3,44,0,23,15,2,0,0,25,39,0,77,0,0,0,67,69,0,66,25,0,20,92,0,0
178,0,18,90,10,0,0,57,0,83,0,17,0,0,0,33,0,0,4,0,84,73,0,37,44,95,0,0,0,0,19,0,3,0,0,0,38,0,4,16,84,0,47,0,0,89,0,22,0,80,88,0,94,30,62,0,0,21,92,0,21,0,0,29,0,55,48,28,23,0,0,0,82,0,46,0,0,75,3,76,0,0,0,0,65,0,78,29,0,94,49,0,12,0,0,0,90,25,37,75,43,53,0,40,0,0,0,0,91,0,0,0,80,16,68,16,0,0,63,78,76,70,0,0,56,0,0,0,77,67,12,96,25,0,0,87,0,29,46,0,55,0,86,48,31,0,0,0,0,45,0,0,30,58,3,0,51,0,0,0,0,0,0,0,0,0,62,97,10,38,28,0,20,0,0,86,93,0,72,0,0,5,0,55,99,29,56,7,42,9,0,0,0,82,4,0,0,0,0,0,0
179,0,5,79,0,0,22,5,53,0,0,62,0,41,0,3,0,43,0,11,91,0,0,0,0,0,11,0,80,0,0,47,0,91,68,0,0,0,0,0,45,46,0,0,32,10,91,49,0,22,28,75,68,77,0,0,18,0,0,0,0,0,2,80,0,26,7,51,44,32,98,0,0,0,83,92,87,60,28,15,0,25,0,0,75,63,45,62,11,0,0,78,0,0,0,0,0,0,77,32,0,0,0,98,76,11,84,0,0,0,59,83,60,0,69,94,49,48,82,0,0,0,93,8,37,0,0,20,0,0,24,0,100,0,60,0,0,71,0,0,0,0,0,0,64,83,14,12,92,0,53,0,0,29,0,92,96,29,80,0,0,95,0,83,0,0,0,79,0,0,0,0,0,77,100,85,85,30,0,0,0,58,0,39,0,86,0,0,15,0,46,66,0,45,0,49,0,0,97,78,86
180,19,63,0,97,0,96,45,0,62,29,29,0,0,0,0,42,0,0,0,0,0,0,0,81,0,11,77,36,0,0,0,25,0,41,46,0,0,0,0,0,27,0,41,77,0,0,7,69,52,54,69,0,96,0,0,80,4,0,69,0,31,56,0,0,15,0,86,3,0,76,0,0,0,27,0,9,0,44,53,0,0,33,0,25,7,42,0,0,0,0,84,79,35,61,90,100,0,28,0,92,7,0,28,58,0,79,82,0,0,67,0,0,26,0,25,17,75,53,0,0,50,53,0,0,5,34,65,35,89,0,0,0,32,0,0,61,30,0,0,60,72,67,0,0,0,0,28,0,6,0,0,24,0,91,0,13,0,20,93,55,0,6,57,65,48,32,29,0,66,0,0,20,0,55,56,31,0,87,93,0,0,15,100,0,0,0,86,41,0,0,39,0,0,68,0,0,0,0,0,46
181,65,96,0,16,32,77,0,59,0,0,0,0,0,0,0,0,66,0,6,0,73,0,0,30,96,1,30,0,23,0,0,0,0,0,0,0,0,0,51,0,0,0,23,0,0,64,100,84,12,0,77,0,0,0,0,16,96,94,97,0,0,0,0,0,0,0,45,20,0,0,0,23,58,0,0,0,0,98,0,0,0,63,2,0,0,32,0,0,0,0,31,47,0,0,93,53,0,0,20,30,25,49,0,0,0,0,0,12,0,94,100,96,0,0,0,55,0,0,0,0,0,0,0,0,0,30,0,31,37,0,0,0,0,0,0,76,2,64,37,16,34,0,0,2,14,58,24,97,80,0,40,0,0,0,0,85,76,22,54,0,5,0,2,0,0,0,0,0,0,0,0,0,34,0,69,0,0,0,0,0,63,0,8,0,81,0,0,71,24,0,0,0,69,12,0,15,87,0,0,72
182,88,82,0,71,0,0,44,70,0,0,0,0,0,55,19,16,77,0,0,34,0,57,0,20,61,0,0,94,72,0,0,0,45,66,0,95,0,70,100,0,0,96,89,0,82,58,0,21,0,85,99,0,41,29,0,74,58,89,0,0,0,0,67,0,93,99,43,60,0,48,33,22,25,31,23,70,0,57,0,0,97,0,0,0,38,77,0,22,19,7,46,0,0,39,0,0,0,88,78,37,63,43,0,0,25,0,0,5,0,0,83,0,51,0,0,0,11,0,0,0,0,0,0,0,0,0,22,70,85,0,0,0,72,0,0,45,39,0,0,7,0,32,71,0,0,96,21,31,0,0,72,0,4,0,21,81,24,0,0,51,0,0,0,41,5,67,0,0,0,22,0,86,0,0,18,0,93,0,0,68,0,87,0,0,0,81,82,0,0,62,99,0,0,0,65,85,0,0,0,0
183,0,0,88,46,0,72,79,38,21,0,98,0,86,97,0,0,0,0,0,0,0,0,0,0,0,0,46,0,3,31,0,24,0,0,0,51,0,0,0,85,0,0,83,0,0,60,0,47,0,28,0,0,0,62,51,58,0,0,67,0,90,0,0,0,0,64,56,60,71,89,10,41,0,0,0,0,0,100,0,8,0,69,0,90,0,0,12,49,0,0,12,42,100,28,33,0,0,0,7,0,86,0,0,79,0,0,67,0,0,0,84,5,77,0,0,0,83,22,36,0,0,13,0,47,56,0,0,72,0,5,4,63,84,91,48,0,78,0,0,0,0,0,80,95,20,0,32,18,0,23,34,84,0,0,0,52,49,52,0,0,0,28,0,47,22,82,0,0,0,76,0,0,0,59,94,85,58,0,0,0,0,0,0,0,0,50,26,0,0,0,0,0,0,0,0,0,98,26,0,78
184,0,10,40,0,54,29,0,86,0,67,0,0,16,58,0,29,0,0,34,44,49,50,0,91,51,0,0,34,75,0,65,26,70,56,10,54,0,66,71,80,76,0,0,71,54,94,0,0,99,0,0,0,0,18,0,22,0,32,0,0,3,72,0,46,0,0,97,0,34,39,56,7,37,0,0,71,57,70,0,6,76,0,0,45,50,47,0,0,22,78,43,0,58,0,0,0,75,0,84,85,0,0,0,40,0,56,35,0,71,61,0,69,17,0,0,70,75,0,0,56,0,0,91,84,0,53,8,0,50,45,0,55,0,0,83,0,73,8,0,47,0,84,0,0,0,0,0,60,0,93,0,0,13,0,0,0,39,0,0,94,2,59,23,61,0,45,4,45,0,0,75,16,57,39,0,14,24,30,0,74,60,0,0,1,0,0,0,11,1,0,0,15,0,75,19,81,0,0,71,11
185,0,0,0,0,77,0,0,0,0,41,22,0,0,0,49,0,0,34,0,0,0,0,59,0,0,71,0,0,83,58,35,0,0,5,70,0,0,48,0,0,0,98,85,60,91,43,66,0,4,11,48,0,0,91,0,86,0,94,0,0,82,0,10,48,18,76,0,1,41,61,0,0,0,1,66,56,0,92,0,0,84,0,0,48,0,0,0,0,0,0,52,9,0,0,0,0,0,0,56,93,0,76,0,2,37,0,51,72,0,31,43,0,14,0,8,0,19,3,0,35,40,90,78,0,0,0,0,58,0,70,0,88,0,0,27,9,0,87,59,52,37,3,0,0,0,0,0,62,0,0,0,0,0,28,0,0,1,0,0,0,0,71,0,0,20,82,0,50,19,66,0,82,0,0,15,36,0,0,0,89,44,0,29,0,86,0,5,0,0,0,61,40,0,0,0,12,15,0,1,100
186,0,80,0,0,86,26,73,0,24,41,0,0,11,0,0,48,0,5,15,46,25,10,0,0,82,40,67,100,75,0,0,0,8,0,0,0,92,31,63,79,0,0,72,42,0,40,72,0,1,0,0,80,13,50,50,43,0,52,62,74,0,0,55,43,0,0,79,25,0,0,20,0,0,0,0,28,0,0,0,42,44,90,0,28,24,55,0,39,0,55,43,38,19,0,76,33,15,23,0,34,60,87,17,0,83,0,10,95,28,51,96,0,0,37,78,0,0,60,0,100,31,21,0,0,78,0,0,0,16,0,0,0,86,72,99,10,87,0,43,92,77,55,0,59,0,12,0,0,28,93,0,0,50,0,33,52,0,20,30,0,0,17,0,12,0,4,0,33,0,69,0,0,77,0,66,0,0,0,55,79,0,62,45,0,0,32,0,0,0,96,78,0,69,9,98,74,54,24,0,0
187,0,15,65,0,0,97,84,0,0,57,0,0,0,25,0,55,0,25,99,0,0,4,72,0,36,3,0,54,0,14,71,5,0,79,0,0,19,92,50,65,38,0,0,19,0,14,0,44,0,0,0,0,90,0,86,0,29,47,54,74,41,0,37,75,0,0,0,19,0,0,0,51,57,0,51,0,20,0,0,0,17,0,45,0,9,5,0,0,0,0,0,0,0,0,33,6,65,0,1,23,0,0,46,80,72,32,28,65,5,0,67,0,0,39,0,0,0,22,39,71,0,16,0,55,17,0,21,0,0,0,0,0,22,78,25,0,0,0,0,66,53,0,0,2,52,0,19,94,0,0,14,88,94,0,0,72,98,0,24,0,90,0,49,0,0,77,0,0,9,0,0,0,87,57,42,18,49,59,56,11,100,94,56,70,0,0,0,0,0,0,91,85,0,47,0,29,0,0,0,55
188,0,46,0,0,77,0,0,12,0,0,62,0,0,0,0,0,0,0,20,20,0,8,0,50,62,86,10,42,34,8,0,71,0,29,67,64,0,28,63,53,0,0,74,0,44,80,63,0,0,0,0,33,8,0,59,16,0,0,0,0,0,75,0,0,0,76,0,0,0,0,73,22,0,0,18,0,0,0,0,0,49,0,0,0,0,73,28,37,61,72,0,0,35,0,42,0,0,0,0,0,0,58,70,60,19,0,86,37,0,0,0,0,56,95,0,88,0,0,0,0,76,12,0,37,66,0,0,1,0,0,0,0,0,8,0,0,0,0,99,0,0,59,0,63,0,0,57,0,40,0,0,4,0,0,0,84,21,0,22,0,74,36,36,0,94,0,11,79,46,0,0,0,92,0,36,0,94,0,59,73,12,84,0,0,0,0,55,0,0,0,28,27,0,0,70,96,81,51,93,31
189,61,33,77,8,0,0,55,0,74,0,27,0,28,57,17,0,0,0,46,0,44,75,55,76,0,0,77,0,36,0,40,94,10,0,42,33,52,73,0,0,68,0,0,2,91,7,0,5,0,0,96,92,30,0,0,0,0,99,1,83,0,89,100,0,0,61,26,64,0,70,58,34,0,0,0,0,19,8,25,0,60,0,15,0,0,46,25,55,4,0,0,0,86,28,37,79,22,40,18,0,0,45,89,0,59,25,58,0,0,0,0,0,0,27,0,0,0,87,0,0,0,22,20,21,99,0,0,40,28,10,77,29,0,0,98,17,0,0,33,83,87,0,0,0,13,10,59,0,90,75,0,73,0,2,0,76,0,30,22,0,0,0,46,0,94,0,68,13,85,73,0,0,0,97,13,0,74,0,94,0,0,16,0,0,19,86,21,0,15,0,0,69,0,0,1,0,0,0,25,85
190,0,0,64,70,26,49,38,86,0,0,0,0,65,86,74,0,69,51,61,99,54,92,0,0,41,0,72,0,42,25,57,2,0,0,0,0,0,0,29,0,0,8,0,0,0,97,0,92,0,0,97,0,0,0,97,9,23,39,0,0,0,0,0,29,0,0,42,62,0,87,82,0,0,66,53,0,41,31,75,43,9,0,42,95,9,0,0,0,26,0,4,56,0,0,84,0,0,0,0,0,0,30,57,0,62,40,66,97,61,0,43,0,95,72,83,0,98,66,4,61,50,0,0,0,0,0,65,0,0,0,40,0,0,0,58,0,41,0,78,0,33,71,0,0,0,23,89,78,25,0,99,56,0,0,23,0,98,0,18,0,0,15,0,79,20,0,0,0,0,0,0,64,0,55,82,12,42,28,30,7,7,92,0,31,0,11,0,0,0,0,0,0,79,0,92,0,25,89,86,89
191,57,0,3,0,0,0,0,1,0,10,0,0,30,86,0,6,0,5,0,95,0,0,23,45,40,70,49,52,0,0,7,87,0,1,25,14,0,0,0,71,91,24,1,0,0,0,70,0,0,0,10,0,0,6,58,75,73,21,23,47,0,78,0,0,2,93,0,38,72,80,0,0,45,57,0,79,0,0,0,21,0,100,0,0,0,0,0,0,0,32,0,0,70,0,0,0,0,43,0,0,0,0,76,0,4,0,0,14,0,0,41,0,80,0,0,16,0,0,0,92,56,81,9,57,21,36,0,0,0,28,7,3,53,28,0,0,48,0,27,0,71,83,37,88,0,90,78,6,0,0,5,66,13,26,9,19,91,65,0,0,0,56,18,0,90,0,2,0,90,0,0,0,0,0,51,3,13,0,27,0,14,2,94,8,30,0,86,100,0,0,44,0,36,17,98,88,0,0,0,13
192,57,56,0,46,20,0,62,24,2,0,13,0,34,23,9,8,29,7,0,40,0,7,81,0,26,0,0,98,0,0,2,0,74,0,0,3,0,55,13,0,0,37,0,0,37,0,59,92,94,0,56,34,98,6,79,0,0,0,0,0,67,0,76,36,86,75,100,0,0,0,5,0,40,29,0,25,83,23,0,42,14,0,0,0,96,81,21,0,95,0,0,11,14,12,0,0,71,97,49,40,0,50,0,76,46,0,0,0,0,51,39,64,0,39,38,0,0,83,20,33,23,0,47,26,0,0,38,0,52,31,0,68,0,0,49,67,0,17,0,61,12,0,0,0,41,0,0,0,0,0,0,20,0,0,52,0,14,6,66,0,0,29,86,0,94,75,32,15,0,15,0,0,0,0,85,0,33,0,0,26,0,30,63,0,22,1,0,40,0,0,63,0,0,0,0,0,0,5,95,74
193,59,61,0,58,0,0,0,83,0,0,0,0,0,83,86,0,96,84,0,0,0,0,0,0,51,69,0,0,0,87,12,91,98,0,52,0,0,57,29,10,0,82,35,0,0,0,0,28,68,0,0,63,0,45,69,50,22,5,0,0,0,0,5,13,0,80,17,0,0,0,27,28,0,0,0,73,25,0,0,40,79,0,0,0,0,0,28,98,60,68,0,0,12,3,0,39,0,0,19,0,22,0,76,25,0,0,0,74,0,0,81,0,0,64,82,0,26,25,58,0,40,29,26,20,78,0,0,0,0,0,70,0,53,0,0,76,97,28,0,0,0,52,0,85,53,79,28,67,0,0,81,0,80,77,0,0,76,99,0,35,33,55,39,75,29,74,51,93,0,62,0,0,0,0,0,0,0,0,40,27,0,83,95,0,33,0,57,0,15,18,0,0,0,0,6,0,100,0,15,67
194,0,0,0,46,0,62,0,0,60,78,38,0,80,0,34,0,8,79,87,54,0,88,0,1,28,0,0,0,0,99,87,7,0,0,70,60,73,96,59,60,0,0,19,95,11,0,0,0,17,0,0,0,0,58,0,0,19,7,0,26,58,0,1,0,32,0,76,99,0,19,0,0,0,90,0,0,91,0,64,0,86,0,0,35,98,30,50,0,10,0,0,92,45,36,0,0,77,25,0,35,0,73,0,56,48,79,68,0,70,52,0,0,34,0,45,0,0,54,14,85,0,27,0,4,0,82,0,67,68,0,0,62,0,0,0,0,0,0,0,0,0,38,96,44,0,0,0,8,74,51,0,0,53,0,20,45,0,0,0,95,0,0,0,0,15,0,0,6,0,86,5,0,0,0,0,66,0,37,0,11,0,0,0,0,0,91,0,0,51,0,0,0,0,30,0,0,89,0,0,0
195,0,41,4,0,0,2,0,26,18,30,77,0,96,0,0,0,10,82,0,0,0,68,68,0,0,0,0,10,0,0,0,57,0,28,19,25,0,0,0,0,0,65,0,68,11,52,0,44,88,63,0,54,0,18,29,32,0,75,38,0,0,0,28,99,75,68,0,0,78,0,3,8,30,0,89,71,71,0,0,0,94,0,0,83,61,0,0,44,9,0,0,0,83,6,62,31,3,6,41,40,0,0,32,0,0,0,57,0,36,71,96,0,0,0,18,10,0,97,0,11,0,0,72,0,14,0,27,32,0,68,0,0,0,88,0,56,0,92,1,0,0,12,43,0,0,0,57,0,0,0,1,0,61,78,0,0,87,0,0,0,82,0,94,0,38,0,45,25,0,0,53,55,30,59,0,13,0,0,34,51,0,47,0,0,50,59,0,59,0,93,49,0,16,41,0,0,0,96,0,0
196,0,0,0,0,0,90,0,20,0,4,77,0,64,0,0,66,58,0,43,93,0,32,44,0,44,20,67,0,68,30,30,0,22,51,0,0,0,46,0,0,0,0,0,67,0,59,0,0,0,0,99,59,27,0,77,1,31,0,0,0,0,23,0,77,22,11,8,53,0,24,48,38,87,0,72,12,0,65,0,0,0,0,0,93,75,0,0,91,100,71,0,0,60,0,0,93,100,0,14,0,52,0,0,0,77,21,0,0,0,16,32,0,0,49,0,98,92,92,0,89,32,0,50,80,0,20,0,0,0,0,91,0,100,0,73,0,55,23,0,0,0,0,0,0,87,49,0,0,0,93,0,51,0,0,93,79,12,0,0,0,0,10,0,0,52,67,0,1,0,0,42,83,83,0,0,15,77,15,0,0,0,0,58,13,0,0,24,57,0,42,0,0,24,10,4,83,0,0,82,51
197,0,16,0,83,0,0,71,28,0,0,0,0,0,0,0,43,52,0,0,59,0,54,0,36,10,31,11,0,52,0,0,47,0,0,95,0,0,0,19,61,0,0,0,0,4,16,45,74,96,2,0,98,76,19,95,0,0,0,18,21,77,63,92,0,44,83,32,0,0,88,11,99,0,17,0,3,0,0,0,0,3,42,0,37,0,0,0,0,0,50,45,0,13,0,0,15,0,0,0,0,19,25,20,43,0,72,0,3,0,0,0,0,0,0,0,0,18,0,62,0,16,51,71,60,0,0,0,97,23,0,0,0,34,5,0,13,7,83,63,81,0,0,0,0,0,0,71,50,21,0,73,49,96,0,42,49,75,96,77,77,0,0,0,0,0,0,60,82,97,0,63,50,0,59,53,0,35,0,52,0,8,93,52,71,67,19,72,23,73,84,44,0,0,0,0,89,0,0,57,88
198,50,0,0,4,75,0,39,34,50,0,8,0,0,0,16,23,0,90,39,0,0,30,0,0,0,54,15,0,0,6,0,0,0,0,46,0,70,0,0,2,0,46,0,10,0,0,0,0,0,0,50,0,67,60,0,0,0,40,48,0,47,0,64,0,0,0,0,27,65,0,25,0,0,0,0,0,84,59,0,0,0,0,78,0,15,24,0,0,89,70,98,0,0,0,0,0,50,0,60,72,45,17,0,0,98,39,14,0,0,68,0,13,0,0,0,0,0,57,27,0,38,74,48,0,13,7,0,6,25,0,27,0,0,0,11,0,0,80,0,94,0,47,0,21,65,0,3,77,0,0,18,92,0,0,0,88,19,35,0,48,0,13,0,0,0,20,7,31,58,0,44,0,61,38,0,0,0,0,19,90,0,0,0,0,0,0,0,37,0,0,86,11,97,48,0,0,0,57,0,0
199,0,17,0,55,0,0,0,0,0,15,0,0,31,0,19,58,0,0,0,38,2,0,0,0,0,0,0,0,42,0,59,0,98,0,0,41,0,0,0,71,0,0,0,96,17,0,0,0,68,92,64,0,27,0,0,73,36,24,90,33,0,46,0,71,15,0,0,98,0,41,0,0,0,70,8,0,76,0,24,0,64,0,0,0,42,0,6,0,53,30,0,10,0,0,100,0,0,72,79,9,0,96,0,0,2,8,22,49,9,0,15,0,0,0,0,0,0,0,0,0,14,6,0,0,0,0,52,0,0,11,14,0,0,0,69,0,5,0,82,75,11,2,0,21,0,0,0,0,0,0,63,0,18,18,69,91,9,52,11,0,32,0,0,0,55,0,0,44,37,94,12,0,0,98,98,89,60,93,74,0,28,31,64,16,26,24,62,4,39,20,84,53,0,0,35,88,0,0,0,0
